# [FABLE-5] sq-iwulr GOLDEN truth-table: simple-features predicates (function\ta\tb\ttrue|false)
# Captured OFFLINE by bench/geo/function-golden/capture.py — DO NOT regenerate in CI.
# Oracle: GEOS 3.13.1 via shapely 2.1.2 (planar/Cartesian over lon-lat coordinates, CRS84).
# Captured: 2026-07-12
sfEquals	pt_a	pt_a	true
sfEquals	pt_a	pt_far	false
sfEquals	pt_a	pt_edge	false
sfEquals	pt_a	pt_corner	false
sfEquals	pt_a	line_diag	false
sfEquals	pt_a	line_horiz	false
sfEquals	pt_a	line_vert	false
sfEquals	pt_a	line_edge	false
sfEquals	pt_a	line_far	false
sfEquals	pt_a	sq_big	false
sfEquals	pt_a	sq_small	false
sfEquals	pt_a	sq_overlap	false
sfEquals	pt_a	sq_touch	false
sfEquals	pt_a	sq_corner	false
sfEquals	pt_a	sq_far	false
sfEquals	pt_a	sq_equal	false
sfEquals	pt_a	poly_hole	false
sfEquals	pt_a	mpt	false
sfEquals	pt_a	mline	false
sfEquals	pt_a	mpoly	false
sfEquals	pt_far	pt_a	false
sfEquals	pt_far	pt_far	true
sfEquals	pt_far	pt_edge	false
sfEquals	pt_far	pt_corner	false
sfEquals	pt_far	line_diag	false
sfEquals	pt_far	line_horiz	false
sfEquals	pt_far	line_vert	false
sfEquals	pt_far	line_edge	false
sfEquals	pt_far	line_far	false
sfEquals	pt_far	sq_big	false
sfEquals	pt_far	sq_small	false
sfEquals	pt_far	sq_overlap	false
sfEquals	pt_far	sq_touch	false
sfEquals	pt_far	sq_corner	false
sfEquals	pt_far	sq_far	false
sfEquals	pt_far	sq_equal	false
sfEquals	pt_far	poly_hole	false
sfEquals	pt_far	mpt	false
sfEquals	pt_far	mline	false
sfEquals	pt_far	mpoly	false
sfEquals	pt_edge	pt_a	false
sfEquals	pt_edge	pt_far	false
sfEquals	pt_edge	pt_edge	true
sfEquals	pt_edge	pt_corner	false
sfEquals	pt_edge	line_diag	false
sfEquals	pt_edge	line_horiz	false
sfEquals	pt_edge	line_vert	false
sfEquals	pt_edge	line_edge	false
sfEquals	pt_edge	line_far	false
sfEquals	pt_edge	sq_big	false
sfEquals	pt_edge	sq_small	false
sfEquals	pt_edge	sq_overlap	false
sfEquals	pt_edge	sq_touch	false
sfEquals	pt_edge	sq_corner	false
sfEquals	pt_edge	sq_far	false
sfEquals	pt_edge	sq_equal	false
sfEquals	pt_edge	poly_hole	false
sfEquals	pt_edge	mpt	false
sfEquals	pt_edge	mline	false
sfEquals	pt_edge	mpoly	false
sfEquals	pt_corner	pt_a	false
sfEquals	pt_corner	pt_far	false
sfEquals	pt_corner	pt_edge	false
sfEquals	pt_corner	pt_corner	true
sfEquals	pt_corner	line_diag	false
sfEquals	pt_corner	line_horiz	false
sfEquals	pt_corner	line_vert	false
sfEquals	pt_corner	line_edge	false
sfEquals	pt_corner	line_far	false
sfEquals	pt_corner	sq_big	false
sfEquals	pt_corner	sq_small	false
sfEquals	pt_corner	sq_overlap	false
sfEquals	pt_corner	sq_touch	false
sfEquals	pt_corner	sq_corner	false
sfEquals	pt_corner	sq_far	false
sfEquals	pt_corner	sq_equal	false
sfEquals	pt_corner	poly_hole	false
sfEquals	pt_corner	mpt	false
sfEquals	pt_corner	mline	false
sfEquals	pt_corner	mpoly	false
sfEquals	line_diag	pt_a	false
sfEquals	line_diag	pt_far	false
sfEquals	line_diag	pt_edge	false
sfEquals	line_diag	pt_corner	false
sfEquals	line_diag	line_diag	true
sfEquals	line_diag	line_horiz	false
sfEquals	line_diag	line_vert	false
sfEquals	line_diag	line_edge	false
sfEquals	line_diag	line_far	false
sfEquals	line_diag	sq_big	false
sfEquals	line_diag	sq_small	false
sfEquals	line_diag	sq_overlap	false
sfEquals	line_diag	sq_touch	false
sfEquals	line_diag	sq_corner	false
sfEquals	line_diag	sq_far	false
sfEquals	line_diag	sq_equal	false
sfEquals	line_diag	poly_hole	false
sfEquals	line_diag	mpt	false
sfEquals	line_diag	mline	false
sfEquals	line_diag	mpoly	false
sfEquals	line_horiz	pt_a	false
sfEquals	line_horiz	pt_far	false
sfEquals	line_horiz	pt_edge	false
sfEquals	line_horiz	pt_corner	false
sfEquals	line_horiz	line_diag	false
sfEquals	line_horiz	line_horiz	true
sfEquals	line_horiz	line_vert	false
sfEquals	line_horiz	line_edge	false
sfEquals	line_horiz	line_far	false
sfEquals	line_horiz	sq_big	false
sfEquals	line_horiz	sq_small	false
sfEquals	line_horiz	sq_overlap	false
sfEquals	line_horiz	sq_touch	false
sfEquals	line_horiz	sq_corner	false
sfEquals	line_horiz	sq_far	false
sfEquals	line_horiz	sq_equal	false
sfEquals	line_horiz	poly_hole	false
sfEquals	line_horiz	mpt	false
sfEquals	line_horiz	mline	false
sfEquals	line_horiz	mpoly	false
sfEquals	line_vert	pt_a	false
sfEquals	line_vert	pt_far	false
sfEquals	line_vert	pt_edge	false
sfEquals	line_vert	pt_corner	false
sfEquals	line_vert	line_diag	false
sfEquals	line_vert	line_horiz	false
sfEquals	line_vert	line_vert	true
sfEquals	line_vert	line_edge	false
sfEquals	line_vert	line_far	false
sfEquals	line_vert	sq_big	false
sfEquals	line_vert	sq_small	false
sfEquals	line_vert	sq_overlap	false
sfEquals	line_vert	sq_touch	false
sfEquals	line_vert	sq_corner	false
sfEquals	line_vert	sq_far	false
sfEquals	line_vert	sq_equal	false
sfEquals	line_vert	poly_hole	false
sfEquals	line_vert	mpt	false
sfEquals	line_vert	mline	false
sfEquals	line_vert	mpoly	false
sfEquals	line_edge	pt_a	false
sfEquals	line_edge	pt_far	false
sfEquals	line_edge	pt_edge	false
sfEquals	line_edge	pt_corner	false
sfEquals	line_edge	line_diag	false
sfEquals	line_edge	line_horiz	false
sfEquals	line_edge	line_vert	false
sfEquals	line_edge	line_edge	true
sfEquals	line_edge	line_far	false
sfEquals	line_edge	sq_big	false
sfEquals	line_edge	sq_small	false
sfEquals	line_edge	sq_overlap	false
sfEquals	line_edge	sq_touch	false
sfEquals	line_edge	sq_corner	false
sfEquals	line_edge	sq_far	false
sfEquals	line_edge	sq_equal	false
sfEquals	line_edge	poly_hole	false
sfEquals	line_edge	mpt	false
sfEquals	line_edge	mline	false
sfEquals	line_edge	mpoly	false
sfEquals	line_far	pt_a	false
sfEquals	line_far	pt_far	false
sfEquals	line_far	pt_edge	false
sfEquals	line_far	pt_corner	false
sfEquals	line_far	line_diag	false
sfEquals	line_far	line_horiz	false
sfEquals	line_far	line_vert	false
sfEquals	line_far	line_edge	false
sfEquals	line_far	line_far	true
sfEquals	line_far	sq_big	false
sfEquals	line_far	sq_small	false
sfEquals	line_far	sq_overlap	false
sfEquals	line_far	sq_touch	false
sfEquals	line_far	sq_corner	false
sfEquals	line_far	sq_far	false
sfEquals	line_far	sq_equal	false
sfEquals	line_far	poly_hole	false
sfEquals	line_far	mpt	false
sfEquals	line_far	mline	false
sfEquals	line_far	mpoly	false
sfEquals	sq_big	pt_a	false
sfEquals	sq_big	pt_far	false
sfEquals	sq_big	pt_edge	false
sfEquals	sq_big	pt_corner	false
sfEquals	sq_big	line_diag	false
sfEquals	sq_big	line_horiz	false
sfEquals	sq_big	line_vert	false
sfEquals	sq_big	line_edge	false
sfEquals	sq_big	line_far	false
sfEquals	sq_big	sq_big	true
sfEquals	sq_big	sq_small	false
sfEquals	sq_big	sq_overlap	false
sfEquals	sq_big	sq_touch	false
sfEquals	sq_big	sq_corner	false
sfEquals	sq_big	sq_far	false
sfEquals	sq_big	sq_equal	true
sfEquals	sq_big	poly_hole	false
sfEquals	sq_big	mpt	false
sfEquals	sq_big	mline	false
sfEquals	sq_big	mpoly	false
sfEquals	sq_small	pt_a	false
sfEquals	sq_small	pt_far	false
sfEquals	sq_small	pt_edge	false
sfEquals	sq_small	pt_corner	false
sfEquals	sq_small	line_diag	false
sfEquals	sq_small	line_horiz	false
sfEquals	sq_small	line_vert	false
sfEquals	sq_small	line_edge	false
sfEquals	sq_small	line_far	false
sfEquals	sq_small	sq_big	false
sfEquals	sq_small	sq_small	true
sfEquals	sq_small	sq_overlap	false
sfEquals	sq_small	sq_touch	false
sfEquals	sq_small	sq_corner	false
sfEquals	sq_small	sq_far	false
sfEquals	sq_small	sq_equal	false
sfEquals	sq_small	poly_hole	false
sfEquals	sq_small	mpt	false
sfEquals	sq_small	mline	false
sfEquals	sq_small	mpoly	false
sfEquals	sq_overlap	pt_a	false
sfEquals	sq_overlap	pt_far	false
sfEquals	sq_overlap	pt_edge	false
sfEquals	sq_overlap	pt_corner	false
sfEquals	sq_overlap	line_diag	false
sfEquals	sq_overlap	line_horiz	false
sfEquals	sq_overlap	line_vert	false
sfEquals	sq_overlap	line_edge	false
sfEquals	sq_overlap	line_far	false
sfEquals	sq_overlap	sq_big	false
sfEquals	sq_overlap	sq_small	false
sfEquals	sq_overlap	sq_overlap	true
sfEquals	sq_overlap	sq_touch	false
sfEquals	sq_overlap	sq_corner	false
sfEquals	sq_overlap	sq_far	false
sfEquals	sq_overlap	sq_equal	false
sfEquals	sq_overlap	poly_hole	false
sfEquals	sq_overlap	mpt	false
sfEquals	sq_overlap	mline	false
sfEquals	sq_overlap	mpoly	false
sfEquals	sq_touch	pt_a	false
sfEquals	sq_touch	pt_far	false
sfEquals	sq_touch	pt_edge	false
sfEquals	sq_touch	pt_corner	false
sfEquals	sq_touch	line_diag	false
sfEquals	sq_touch	line_horiz	false
sfEquals	sq_touch	line_vert	false
sfEquals	sq_touch	line_edge	false
sfEquals	sq_touch	line_far	false
sfEquals	sq_touch	sq_big	false
sfEquals	sq_touch	sq_small	false
sfEquals	sq_touch	sq_overlap	false
sfEquals	sq_touch	sq_touch	true
sfEquals	sq_touch	sq_corner	false
sfEquals	sq_touch	sq_far	false
sfEquals	sq_touch	sq_equal	false
sfEquals	sq_touch	poly_hole	false
sfEquals	sq_touch	mpt	false
sfEquals	sq_touch	mline	false
sfEquals	sq_touch	mpoly	false
sfEquals	sq_corner	pt_a	false
sfEquals	sq_corner	pt_far	false
sfEquals	sq_corner	pt_edge	false
sfEquals	sq_corner	pt_corner	false
sfEquals	sq_corner	line_diag	false
sfEquals	sq_corner	line_horiz	false
sfEquals	sq_corner	line_vert	false
sfEquals	sq_corner	line_edge	false
sfEquals	sq_corner	line_far	false
sfEquals	sq_corner	sq_big	false
sfEquals	sq_corner	sq_small	false
sfEquals	sq_corner	sq_overlap	false
sfEquals	sq_corner	sq_touch	false
sfEquals	sq_corner	sq_corner	true
sfEquals	sq_corner	sq_far	false
sfEquals	sq_corner	sq_equal	false
sfEquals	sq_corner	poly_hole	false
sfEquals	sq_corner	mpt	false
sfEquals	sq_corner	mline	false
sfEquals	sq_corner	mpoly	false
sfEquals	sq_far	pt_a	false
sfEquals	sq_far	pt_far	false
sfEquals	sq_far	pt_edge	false
sfEquals	sq_far	pt_corner	false
sfEquals	sq_far	line_diag	false
sfEquals	sq_far	line_horiz	false
sfEquals	sq_far	line_vert	false
sfEquals	sq_far	line_edge	false
sfEquals	sq_far	line_far	false
sfEquals	sq_far	sq_big	false
sfEquals	sq_far	sq_small	false
sfEquals	sq_far	sq_overlap	false
sfEquals	sq_far	sq_touch	false
sfEquals	sq_far	sq_corner	false
sfEquals	sq_far	sq_far	true
sfEquals	sq_far	sq_equal	false
sfEquals	sq_far	poly_hole	false
sfEquals	sq_far	mpt	false
sfEquals	sq_far	mline	false
sfEquals	sq_far	mpoly	false
sfEquals	sq_equal	pt_a	false
sfEquals	sq_equal	pt_far	false
sfEquals	sq_equal	pt_edge	false
sfEquals	sq_equal	pt_corner	false
sfEquals	sq_equal	line_diag	false
sfEquals	sq_equal	line_horiz	false
sfEquals	sq_equal	line_vert	false
sfEquals	sq_equal	line_edge	false
sfEquals	sq_equal	line_far	false
sfEquals	sq_equal	sq_big	true
sfEquals	sq_equal	sq_small	false
sfEquals	sq_equal	sq_overlap	false
sfEquals	sq_equal	sq_touch	false
sfEquals	sq_equal	sq_corner	false
sfEquals	sq_equal	sq_far	false
sfEquals	sq_equal	sq_equal	true
sfEquals	sq_equal	poly_hole	false
sfEquals	sq_equal	mpt	false
sfEquals	sq_equal	mline	false
sfEquals	sq_equal	mpoly	false
sfEquals	poly_hole	pt_a	false
sfEquals	poly_hole	pt_far	false
sfEquals	poly_hole	pt_edge	false
sfEquals	poly_hole	pt_corner	false
sfEquals	poly_hole	line_diag	false
sfEquals	poly_hole	line_horiz	false
sfEquals	poly_hole	line_vert	false
sfEquals	poly_hole	line_edge	false
sfEquals	poly_hole	line_far	false
sfEquals	poly_hole	sq_big	false
sfEquals	poly_hole	sq_small	false
sfEquals	poly_hole	sq_overlap	false
sfEquals	poly_hole	sq_touch	false
sfEquals	poly_hole	sq_corner	false
sfEquals	poly_hole	sq_far	false
sfEquals	poly_hole	sq_equal	false
sfEquals	poly_hole	poly_hole	true
sfEquals	poly_hole	mpt	false
sfEquals	poly_hole	mline	false
sfEquals	poly_hole	mpoly	false
sfEquals	mpt	pt_a	false
sfEquals	mpt	pt_far	false
sfEquals	mpt	pt_edge	false
sfEquals	mpt	pt_corner	false
sfEquals	mpt	line_diag	false
sfEquals	mpt	line_horiz	false
sfEquals	mpt	line_vert	false
sfEquals	mpt	line_edge	false
sfEquals	mpt	line_far	false
sfEquals	mpt	sq_big	false
sfEquals	mpt	sq_small	false
sfEquals	mpt	sq_overlap	false
sfEquals	mpt	sq_touch	false
sfEquals	mpt	sq_corner	false
sfEquals	mpt	sq_far	false
sfEquals	mpt	sq_equal	false
sfEquals	mpt	poly_hole	false
sfEquals	mpt	mpt	true
sfEquals	mpt	mline	false
sfEquals	mpt	mpoly	false
sfEquals	mline	pt_a	false
sfEquals	mline	pt_far	false
sfEquals	mline	pt_edge	false
sfEquals	mline	pt_corner	false
sfEquals	mline	line_diag	false
sfEquals	mline	line_horiz	false
sfEquals	mline	line_vert	false
sfEquals	mline	line_edge	false
sfEquals	mline	line_far	false
sfEquals	mline	sq_big	false
sfEquals	mline	sq_small	false
sfEquals	mline	sq_overlap	false
sfEquals	mline	sq_touch	false
sfEquals	mline	sq_corner	false
sfEquals	mline	sq_far	false
sfEquals	mline	sq_equal	false
sfEquals	mline	poly_hole	false
sfEquals	mline	mpt	false
sfEquals	mline	mline	true
sfEquals	mline	mpoly	false
sfEquals	mpoly	pt_a	false
sfEquals	mpoly	pt_far	false
sfEquals	mpoly	pt_edge	false
sfEquals	mpoly	pt_corner	false
sfEquals	mpoly	line_diag	false
sfEquals	mpoly	line_horiz	false
sfEquals	mpoly	line_vert	false
sfEquals	mpoly	line_edge	false
sfEquals	mpoly	line_far	false
sfEquals	mpoly	sq_big	false
sfEquals	mpoly	sq_small	false
sfEquals	mpoly	sq_overlap	false
sfEquals	mpoly	sq_touch	false
sfEquals	mpoly	sq_corner	false
sfEquals	mpoly	sq_far	false
sfEquals	mpoly	sq_equal	false
sfEquals	mpoly	poly_hole	false
sfEquals	mpoly	mpt	false
sfEquals	mpoly	mline	false
sfEquals	mpoly	mpoly	true
sfDisjoint	pt_a	pt_a	false
sfDisjoint	pt_a	pt_far	true
sfDisjoint	pt_a	pt_edge	true
sfDisjoint	pt_a	pt_corner	true
sfDisjoint	pt_a	line_diag	false
sfDisjoint	pt_a	line_horiz	false
sfDisjoint	pt_a	line_vert	true
sfDisjoint	pt_a	line_edge	true
sfDisjoint	pt_a	line_far	true
sfDisjoint	pt_a	sq_big	false
sfDisjoint	pt_a	sq_small	false
sfDisjoint	pt_a	sq_overlap	true
sfDisjoint	pt_a	sq_touch	true
sfDisjoint	pt_a	sq_corner	true
sfDisjoint	pt_a	sq_far	true
sfDisjoint	pt_a	sq_equal	false
sfDisjoint	pt_a	poly_hole	false
sfDisjoint	pt_a	mpt	true
sfDisjoint	pt_a	mline	false
sfDisjoint	pt_a	mpoly	false
sfDisjoint	pt_far	pt_a	true
sfDisjoint	pt_far	pt_far	false
sfDisjoint	pt_far	pt_edge	true
sfDisjoint	pt_far	pt_corner	true
sfDisjoint	pt_far	line_diag	true
sfDisjoint	pt_far	line_horiz	true
sfDisjoint	pt_far	line_vert	true
sfDisjoint	pt_far	line_edge	true
sfDisjoint	pt_far	line_far	false
sfDisjoint	pt_far	sq_big	true
sfDisjoint	pt_far	sq_small	true
sfDisjoint	pt_far	sq_overlap	true
sfDisjoint	pt_far	sq_touch	true
sfDisjoint	pt_far	sq_corner	true
sfDisjoint	pt_far	sq_far	true
sfDisjoint	pt_far	sq_equal	true
sfDisjoint	pt_far	poly_hole	true
sfDisjoint	pt_far	mpt	true
sfDisjoint	pt_far	mline	true
sfDisjoint	pt_far	mpoly	true
sfDisjoint	pt_edge	pt_a	true
sfDisjoint	pt_edge	pt_far	true
sfDisjoint	pt_edge	pt_edge	false
sfDisjoint	pt_edge	pt_corner	true
sfDisjoint	pt_edge	line_diag	true
sfDisjoint	pt_edge	line_horiz	true
sfDisjoint	pt_edge	line_vert	false
sfDisjoint	pt_edge	line_edge	true
sfDisjoint	pt_edge	line_far	true
sfDisjoint	pt_edge	sq_big	false
sfDisjoint	pt_edge	sq_small	true
sfDisjoint	pt_edge	sq_overlap	true
sfDisjoint	pt_edge	sq_touch	true
sfDisjoint	pt_edge	sq_corner	true
sfDisjoint	pt_edge	sq_far	true
sfDisjoint	pt_edge	sq_equal	false
sfDisjoint	pt_edge	poly_hole	false
sfDisjoint	pt_edge	mpt	true
sfDisjoint	pt_edge	mline	true
sfDisjoint	pt_edge	mpoly	true
sfDisjoint	pt_corner	pt_a	true
sfDisjoint	pt_corner	pt_far	true
sfDisjoint	pt_corner	pt_edge	true
sfDisjoint	pt_corner	pt_corner	false
sfDisjoint	pt_corner	line_diag	true
sfDisjoint	pt_corner	line_horiz	true
sfDisjoint	pt_corner	line_vert	true
sfDisjoint	pt_corner	line_edge	true
sfDisjoint	pt_corner	line_far	true
sfDisjoint	pt_corner	sq_big	false
sfDisjoint	pt_corner	sq_small	true
sfDisjoint	pt_corner	sq_overlap	false
sfDisjoint	pt_corner	sq_touch	false
sfDisjoint	pt_corner	sq_corner	false
sfDisjoint	pt_corner	sq_far	true
sfDisjoint	pt_corner	sq_equal	false
sfDisjoint	pt_corner	poly_hole	true
sfDisjoint	pt_corner	mpt	true
sfDisjoint	pt_corner	mline	true
sfDisjoint	pt_corner	mpoly	true
sfDisjoint	line_diag	pt_a	false
sfDisjoint	line_diag	pt_far	true
sfDisjoint	line_diag	pt_edge	true
sfDisjoint	line_diag	pt_corner	true
sfDisjoint	line_diag	line_diag	false
sfDisjoint	line_diag	line_horiz	false
sfDisjoint	line_diag	line_vert	false
sfDisjoint	line_diag	line_edge	false
sfDisjoint	line_diag	line_far	true
sfDisjoint	line_diag	sq_big	false
sfDisjoint	line_diag	sq_small	false
sfDisjoint	line_diag	sq_overlap	false
sfDisjoint	line_diag	sq_touch	true
sfDisjoint	line_diag	sq_corner	true
sfDisjoint	line_diag	sq_far	true
sfDisjoint	line_diag	sq_equal	false
sfDisjoint	line_diag	poly_hole	false
sfDisjoint	line_diag	mpt	false
sfDisjoint	line_diag	mline	false
sfDisjoint	line_diag	mpoly	false
sfDisjoint	line_horiz	pt_a	false
sfDisjoint	line_horiz	pt_far	true
sfDisjoint	line_horiz	pt_edge	true
sfDisjoint	line_horiz	pt_corner	true
sfDisjoint	line_horiz	line_diag	false
sfDisjoint	line_horiz	line_horiz	false
sfDisjoint	line_horiz	line_vert	false
sfDisjoint	line_horiz	line_edge	true
sfDisjoint	line_horiz	line_far	true
sfDisjoint	line_horiz	sq_big	false
sfDisjoint	line_horiz	sq_small	false
sfDisjoint	line_horiz	sq_overlap	true
sfDisjoint	line_horiz	sq_touch	false
sfDisjoint	line_horiz	sq_corner	true
sfDisjoint	line_horiz	sq_far	true
sfDisjoint	line_horiz	sq_equal	false
sfDisjoint	line_horiz	poly_hole	false
sfDisjoint	line_horiz	mpt	true
sfDisjoint	line_horiz	mline	false
sfDisjoint	line_horiz	mpoly	false
sfDisjoint	line_vert	pt_a	true
sfDisjoint	line_vert	pt_far	true
sfDisjoint	line_vert	pt_edge	false
sfDisjoint	line_vert	pt_corner	true
sfDisjoint	line_vert	line_diag	false
sfDisjoint	line_vert	line_horiz	false
sfDisjoint	line_vert	line_vert	false
sfDisjoint	line_vert	line_edge	false
sfDisjoint	line_vert	line_far	true
sfDisjoint	line_vert	sq_big	false
sfDisjoint	line_vert	sq_small	true
sfDisjoint	line_vert	sq_overlap	true
sfDisjoint	line_vert	sq_touch	true
sfDisjoint	line_vert	sq_corner	true
sfDisjoint	line_vert	sq_far	true
sfDisjoint	line_vert	sq_equal	false
sfDisjoint	line_vert	poly_hole	false
sfDisjoint	line_vert	mpt	true
sfDisjoint	line_vert	mline	false
sfDisjoint	line_vert	mpoly	false
sfDisjoint	line_edge	pt_a	true
sfDisjoint	line_edge	pt_far	true
sfDisjoint	line_edge	pt_edge	true
sfDisjoint	line_edge	pt_corner	true
sfDisjoint	line_edge	line_diag	false
sfDisjoint	line_edge	line_horiz	true
sfDisjoint	line_edge	line_vert	false
sfDisjoint	line_edge	line_edge	false
sfDisjoint	line_edge	line_far	true
sfDisjoint	line_edge	sq_big	false
sfDisjoint	line_edge	sq_small	true
sfDisjoint	line_edge	sq_overlap	true
sfDisjoint	line_edge	sq_touch	false
sfDisjoint	line_edge	sq_corner	true
sfDisjoint	line_edge	sq_far	true
sfDisjoint	line_edge	sq_equal	false
sfDisjoint	line_edge	poly_hole	false
sfDisjoint	line_edge	mpt	true
sfDisjoint	line_edge	mline	false
sfDisjoint	line_edge	mpoly	false
sfDisjoint	line_far	pt_a	true
sfDisjoint	line_far	pt_far	false
sfDisjoint	line_far	pt_edge	true
sfDisjoint	line_far	pt_corner	true
sfDisjoint	line_far	line_diag	true
sfDisjoint	line_far	line_horiz	true
sfDisjoint	line_far	line_vert	true
sfDisjoint	line_far	line_edge	true
sfDisjoint	line_far	line_far	false
sfDisjoint	line_far	sq_big	true
sfDisjoint	line_far	sq_small	true
sfDisjoint	line_far	sq_overlap	true
sfDisjoint	line_far	sq_touch	true
sfDisjoint	line_far	sq_corner	true
sfDisjoint	line_far	sq_far	true
sfDisjoint	line_far	sq_equal	true
sfDisjoint	line_far	poly_hole	true
sfDisjoint	line_far	mpt	true
sfDisjoint	line_far	mline	true
sfDisjoint	line_far	mpoly	true
sfDisjoint	sq_big	pt_a	false
sfDisjoint	sq_big	pt_far	true
sfDisjoint	sq_big	pt_edge	false
sfDisjoint	sq_big	pt_corner	false
sfDisjoint	sq_big	line_diag	false
sfDisjoint	sq_big	line_horiz	false
sfDisjoint	sq_big	line_vert	false
sfDisjoint	sq_big	line_edge	false
sfDisjoint	sq_big	line_far	true
sfDisjoint	sq_big	sq_big	false
sfDisjoint	sq_big	sq_small	false
sfDisjoint	sq_big	sq_overlap	false
sfDisjoint	sq_big	sq_touch	false
sfDisjoint	sq_big	sq_corner	false
sfDisjoint	sq_big	sq_far	true
sfDisjoint	sq_big	sq_equal	false
sfDisjoint	sq_big	poly_hole	false
sfDisjoint	sq_big	mpt	false
sfDisjoint	sq_big	mline	false
sfDisjoint	sq_big	mpoly	false
sfDisjoint	sq_small	pt_a	false
sfDisjoint	sq_small	pt_far	true
sfDisjoint	sq_small	pt_edge	true
sfDisjoint	sq_small	pt_corner	true
sfDisjoint	sq_small	line_diag	false
sfDisjoint	sq_small	line_horiz	false
sfDisjoint	sq_small	line_vert	true
sfDisjoint	sq_small	line_edge	true
sfDisjoint	sq_small	line_far	true
sfDisjoint	sq_small	sq_big	false
sfDisjoint	sq_small	sq_small	false
sfDisjoint	sq_small	sq_overlap	true
sfDisjoint	sq_small	sq_touch	true
sfDisjoint	sq_small	sq_corner	true
sfDisjoint	sq_small	sq_far	true
sfDisjoint	sq_small	sq_equal	false
sfDisjoint	sq_small	poly_hole	false
sfDisjoint	sq_small	mpt	true
sfDisjoint	sq_small	mline	false
sfDisjoint	sq_small	mpoly	false
sfDisjoint	sq_overlap	pt_a	true
sfDisjoint	sq_overlap	pt_far	true
sfDisjoint	sq_overlap	pt_edge	true
sfDisjoint	sq_overlap	pt_corner	false
sfDisjoint	sq_overlap	line_diag	false
sfDisjoint	sq_overlap	line_horiz	true
sfDisjoint	sq_overlap	line_vert	true
sfDisjoint	sq_overlap	line_edge	true
sfDisjoint	sq_overlap	line_far	true
sfDisjoint	sq_overlap	sq_big	false
sfDisjoint	sq_overlap	sq_small	true
sfDisjoint	sq_overlap	sq_overlap	false
sfDisjoint	sq_overlap	sq_touch	false
sfDisjoint	sq_overlap	sq_corner	false
sfDisjoint	sq_overlap	sq_far	true
sfDisjoint	sq_overlap	sq_equal	false
sfDisjoint	sq_overlap	poly_hole	false
sfDisjoint	sq_overlap	mpt	false
sfDisjoint	sq_overlap	mline	false
sfDisjoint	sq_overlap	mpoly	false
sfDisjoint	sq_touch	pt_a	true
sfDisjoint	sq_touch	pt_far	true
sfDisjoint	sq_touch	pt_edge	true
sfDisjoint	sq_touch	pt_corner	false
sfDisjoint	sq_touch	line_diag	true
sfDisjoint	sq_touch	line_horiz	false
sfDisjoint	sq_touch	line_vert	true
sfDisjoint	sq_touch	line_edge	false
sfDisjoint	sq_touch	line_far	true
sfDisjoint	sq_touch	sq_big	false
sfDisjoint	sq_touch	sq_small	true
sfDisjoint	sq_touch	sq_overlap	false
sfDisjoint	sq_touch	sq_touch	false
sfDisjoint	sq_touch	sq_corner	false
sfDisjoint	sq_touch	sq_far	true
sfDisjoint	sq_touch	sq_equal	false
sfDisjoint	sq_touch	poly_hole	false
sfDisjoint	sq_touch	mpt	true
sfDisjoint	sq_touch	mline	true
sfDisjoint	sq_touch	mpoly	true
sfDisjoint	sq_corner	pt_a	true
sfDisjoint	sq_corner	pt_far	true
sfDisjoint	sq_corner	pt_edge	true
sfDisjoint	sq_corner	pt_corner	false
sfDisjoint	sq_corner	line_diag	true
sfDisjoint	sq_corner	line_horiz	true
sfDisjoint	sq_corner	line_vert	true
sfDisjoint	sq_corner	line_edge	true
sfDisjoint	sq_corner	line_far	true
sfDisjoint	sq_corner	sq_big	false
sfDisjoint	sq_corner	sq_small	true
sfDisjoint	sq_corner	sq_overlap	false
sfDisjoint	sq_corner	sq_touch	false
sfDisjoint	sq_corner	sq_corner	false
sfDisjoint	sq_corner	sq_far	true
sfDisjoint	sq_corner	sq_equal	false
sfDisjoint	sq_corner	poly_hole	true
sfDisjoint	sq_corner	mpt	false
sfDisjoint	sq_corner	mline	true
sfDisjoint	sq_corner	mpoly	true
sfDisjoint	sq_far	pt_a	true
sfDisjoint	sq_far	pt_far	true
sfDisjoint	sq_far	pt_edge	true
sfDisjoint	sq_far	pt_corner	true
sfDisjoint	sq_far	line_diag	true
sfDisjoint	sq_far	line_horiz	true
sfDisjoint	sq_far	line_vert	true
sfDisjoint	sq_far	line_edge	true
sfDisjoint	sq_far	line_far	true
sfDisjoint	sq_far	sq_big	true
sfDisjoint	sq_far	sq_small	true
sfDisjoint	sq_far	sq_overlap	true
sfDisjoint	sq_far	sq_touch	true
sfDisjoint	sq_far	sq_corner	true
sfDisjoint	sq_far	sq_far	false
sfDisjoint	sq_far	sq_equal	true
sfDisjoint	sq_far	poly_hole	true
sfDisjoint	sq_far	mpt	true
sfDisjoint	sq_far	mline	true
sfDisjoint	sq_far	mpoly	true
sfDisjoint	sq_equal	pt_a	false
sfDisjoint	sq_equal	pt_far	true
sfDisjoint	sq_equal	pt_edge	false
sfDisjoint	sq_equal	pt_corner	false
sfDisjoint	sq_equal	line_diag	false
sfDisjoint	sq_equal	line_horiz	false
sfDisjoint	sq_equal	line_vert	false
sfDisjoint	sq_equal	line_edge	false
sfDisjoint	sq_equal	line_far	true
sfDisjoint	sq_equal	sq_big	false
sfDisjoint	sq_equal	sq_small	false
sfDisjoint	sq_equal	sq_overlap	false
sfDisjoint	sq_equal	sq_touch	false
sfDisjoint	sq_equal	sq_corner	false
sfDisjoint	sq_equal	sq_far	true
sfDisjoint	sq_equal	sq_equal	false
sfDisjoint	sq_equal	poly_hole	false
sfDisjoint	sq_equal	mpt	false
sfDisjoint	sq_equal	mline	false
sfDisjoint	sq_equal	mpoly	false
sfDisjoint	poly_hole	pt_a	false
sfDisjoint	poly_hole	pt_far	true
sfDisjoint	poly_hole	pt_edge	false
sfDisjoint	poly_hole	pt_corner	true
sfDisjoint	poly_hole	line_diag	false
sfDisjoint	poly_hole	line_horiz	false
sfDisjoint	poly_hole	line_vert	false
sfDisjoint	poly_hole	line_edge	false
sfDisjoint	poly_hole	line_far	true
sfDisjoint	poly_hole	sq_big	false
sfDisjoint	poly_hole	sq_small	false
sfDisjoint	poly_hole	sq_overlap	false
sfDisjoint	poly_hole	sq_touch	false
sfDisjoint	poly_hole	sq_corner	true
sfDisjoint	poly_hole	sq_far	true
sfDisjoint	poly_hole	sq_equal	false
sfDisjoint	poly_hole	poly_hole	false
sfDisjoint	poly_hole	mpt	false
sfDisjoint	poly_hole	mline	false
sfDisjoint	poly_hole	mpoly	false
sfDisjoint	mpt	pt_a	true
sfDisjoint	mpt	pt_far	true
sfDisjoint	mpt	pt_edge	true
sfDisjoint	mpt	pt_corner	true
sfDisjoint	mpt	line_diag	false
sfDisjoint	mpt	line_horiz	true
sfDisjoint	mpt	line_vert	true
sfDisjoint	mpt	line_edge	true
sfDisjoint	mpt	line_far	true
sfDisjoint	mpt	sq_big	false
sfDisjoint	mpt	sq_small	true
sfDisjoint	mpt	sq_overlap	false
sfDisjoint	mpt	sq_touch	true
sfDisjoint	mpt	sq_corner	false
sfDisjoint	mpt	sq_far	true
sfDisjoint	mpt	sq_equal	false
sfDisjoint	mpt	poly_hole	false
sfDisjoint	mpt	mpt	false
sfDisjoint	mpt	mline	false
sfDisjoint	mpt	mpoly	false
sfDisjoint	mline	pt_a	false
sfDisjoint	mline	pt_far	true
sfDisjoint	mline	pt_edge	true
sfDisjoint	mline	pt_corner	true
sfDisjoint	mline	line_diag	false
sfDisjoint	mline	line_horiz	false
sfDisjoint	mline	line_vert	false
sfDisjoint	mline	line_edge	false
sfDisjoint	mline	line_far	true
sfDisjoint	mline	sq_big	false
sfDisjoint	mline	sq_small	false
sfDisjoint	mline	sq_overlap	false
sfDisjoint	mline	sq_touch	true
sfDisjoint	mline	sq_corner	true
sfDisjoint	mline	sq_far	true
sfDisjoint	mline	sq_equal	false
sfDisjoint	mline	poly_hole	false
sfDisjoint	mline	mpt	false
sfDisjoint	mline	mline	false
sfDisjoint	mline	mpoly	false
sfDisjoint	mpoly	pt_a	false
sfDisjoint	mpoly	pt_far	true
sfDisjoint	mpoly	pt_edge	true
sfDisjoint	mpoly	pt_corner	true
sfDisjoint	mpoly	line_diag	false
sfDisjoint	mpoly	line_horiz	false
sfDisjoint	mpoly	line_vert	false
sfDisjoint	mpoly	line_edge	false
sfDisjoint	mpoly	line_far	true
sfDisjoint	mpoly	sq_big	false
sfDisjoint	mpoly	sq_small	false
sfDisjoint	mpoly	sq_overlap	false
sfDisjoint	mpoly	sq_touch	true
sfDisjoint	mpoly	sq_corner	true
sfDisjoint	mpoly	sq_far	true
sfDisjoint	mpoly	sq_equal	false
sfDisjoint	mpoly	poly_hole	false
sfDisjoint	mpoly	mpt	false
sfDisjoint	mpoly	mline	false
sfDisjoint	mpoly	mpoly	false
sfIntersects	pt_a	pt_a	true
sfIntersects	pt_a	pt_far	false
sfIntersects	pt_a	pt_edge	false
sfIntersects	pt_a	pt_corner	false
sfIntersects	pt_a	line_diag	true
sfIntersects	pt_a	line_horiz	true
sfIntersects	pt_a	line_vert	false
sfIntersects	pt_a	line_edge	false
sfIntersects	pt_a	line_far	false
sfIntersects	pt_a	sq_big	true
sfIntersects	pt_a	sq_small	true
sfIntersects	pt_a	sq_overlap	false
sfIntersects	pt_a	sq_touch	false
sfIntersects	pt_a	sq_corner	false
sfIntersects	pt_a	sq_far	false
sfIntersects	pt_a	sq_equal	true
sfIntersects	pt_a	poly_hole	true
sfIntersects	pt_a	mpt	false
sfIntersects	pt_a	mline	true
sfIntersects	pt_a	mpoly	true
sfIntersects	pt_far	pt_a	false
sfIntersects	pt_far	pt_far	true
sfIntersects	pt_far	pt_edge	false
sfIntersects	pt_far	pt_corner	false
sfIntersects	pt_far	line_diag	false
sfIntersects	pt_far	line_horiz	false
sfIntersects	pt_far	line_vert	false
sfIntersects	pt_far	line_edge	false
sfIntersects	pt_far	line_far	true
sfIntersects	pt_far	sq_big	false
sfIntersects	pt_far	sq_small	false
sfIntersects	pt_far	sq_overlap	false
sfIntersects	pt_far	sq_touch	false
sfIntersects	pt_far	sq_corner	false
sfIntersects	pt_far	sq_far	false
sfIntersects	pt_far	sq_equal	false
sfIntersects	pt_far	poly_hole	false
sfIntersects	pt_far	mpt	false
sfIntersects	pt_far	mline	false
sfIntersects	pt_far	mpoly	false
sfIntersects	pt_edge	pt_a	false
sfIntersects	pt_edge	pt_far	false
sfIntersects	pt_edge	pt_edge	true
sfIntersects	pt_edge	pt_corner	false
sfIntersects	pt_edge	line_diag	false
sfIntersects	pt_edge	line_horiz	false
sfIntersects	pt_edge	line_vert	true
sfIntersects	pt_edge	line_edge	false
sfIntersects	pt_edge	line_far	false
sfIntersects	pt_edge	sq_big	true
sfIntersects	pt_edge	sq_small	false
sfIntersects	pt_edge	sq_overlap	false
sfIntersects	pt_edge	sq_touch	false
sfIntersects	pt_edge	sq_corner	false
sfIntersects	pt_edge	sq_far	false
sfIntersects	pt_edge	sq_equal	true
sfIntersects	pt_edge	poly_hole	true
sfIntersects	pt_edge	mpt	false
sfIntersects	pt_edge	mline	false
sfIntersects	pt_edge	mpoly	false
sfIntersects	pt_corner	pt_a	false
sfIntersects	pt_corner	pt_far	false
sfIntersects	pt_corner	pt_edge	false
sfIntersects	pt_corner	pt_corner	true
sfIntersects	pt_corner	line_diag	false
sfIntersects	pt_corner	line_horiz	false
sfIntersects	pt_corner	line_vert	false
sfIntersects	pt_corner	line_edge	false
sfIntersects	pt_corner	line_far	false
sfIntersects	pt_corner	sq_big	true
sfIntersects	pt_corner	sq_small	false
sfIntersects	pt_corner	sq_overlap	true
sfIntersects	pt_corner	sq_touch	true
sfIntersects	pt_corner	sq_corner	true
sfIntersects	pt_corner	sq_far	false
sfIntersects	pt_corner	sq_equal	true
sfIntersects	pt_corner	poly_hole	false
sfIntersects	pt_corner	mpt	false
sfIntersects	pt_corner	mline	false
sfIntersects	pt_corner	mpoly	false
sfIntersects	line_diag	pt_a	true
sfIntersects	line_diag	pt_far	false
sfIntersects	line_diag	pt_edge	false
sfIntersects	line_diag	pt_corner	false
sfIntersects	line_diag	line_diag	true
sfIntersects	line_diag	line_horiz	true
sfIntersects	line_diag	line_vert	true
sfIntersects	line_diag	line_edge	true
sfIntersects	line_diag	line_far	false
sfIntersects	line_diag	sq_big	true
sfIntersects	line_diag	sq_small	true
sfIntersects	line_diag	sq_overlap	true
sfIntersects	line_diag	sq_touch	false
sfIntersects	line_diag	sq_corner	false
sfIntersects	line_diag	sq_far	false
sfIntersects	line_diag	sq_equal	true
sfIntersects	line_diag	poly_hole	true
sfIntersects	line_diag	mpt	true
sfIntersects	line_diag	mline	true
sfIntersects	line_diag	mpoly	true
sfIntersects	line_horiz	pt_a	true
sfIntersects	line_horiz	pt_far	false
sfIntersects	line_horiz	pt_edge	false
sfIntersects	line_horiz	pt_corner	false
sfIntersects	line_horiz	line_diag	true
sfIntersects	line_horiz	line_horiz	true
sfIntersects	line_horiz	line_vert	true
sfIntersects	line_horiz	line_edge	false
sfIntersects	line_horiz	line_far	false
sfIntersects	line_horiz	sq_big	true
sfIntersects	line_horiz	sq_small	true
sfIntersects	line_horiz	sq_overlap	false
sfIntersects	line_horiz	sq_touch	true
sfIntersects	line_horiz	sq_corner	false
sfIntersects	line_horiz	sq_far	false
sfIntersects	line_horiz	sq_equal	true
sfIntersects	line_horiz	poly_hole	true
sfIntersects	line_horiz	mpt	false
sfIntersects	line_horiz	mline	true
sfIntersects	line_horiz	mpoly	true
sfIntersects	line_vert	pt_a	false
sfIntersects	line_vert	pt_far	false
sfIntersects	line_vert	pt_edge	true
sfIntersects	line_vert	pt_corner	false
sfIntersects	line_vert	line_diag	true
sfIntersects	line_vert	line_horiz	true
sfIntersects	line_vert	line_vert	true
sfIntersects	line_vert	line_edge	true
sfIntersects	line_vert	line_far	false
sfIntersects	line_vert	sq_big	true
sfIntersects	line_vert	sq_small	false
sfIntersects	line_vert	sq_overlap	false
sfIntersects	line_vert	sq_touch	false
sfIntersects	line_vert	sq_corner	false
sfIntersects	line_vert	sq_far	false
sfIntersects	line_vert	sq_equal	true
sfIntersects	line_vert	poly_hole	true
sfIntersects	line_vert	mpt	false
sfIntersects	line_vert	mline	true
sfIntersects	line_vert	mpoly	true
sfIntersects	line_edge	pt_a	false
sfIntersects	line_edge	pt_far	false
sfIntersects	line_edge	pt_edge	false
sfIntersects	line_edge	pt_corner	false
sfIntersects	line_edge	line_diag	true
sfIntersects	line_edge	line_horiz	false
sfIntersects	line_edge	line_vert	true
sfIntersects	line_edge	line_edge	true
sfIntersects	line_edge	line_far	false
sfIntersects	line_edge	sq_big	true
sfIntersects	line_edge	sq_small	false
sfIntersects	line_edge	sq_overlap	false
sfIntersects	line_edge	sq_touch	true
sfIntersects	line_edge	sq_corner	false
sfIntersects	line_edge	sq_far	false
sfIntersects	line_edge	sq_equal	true
sfIntersects	line_edge	poly_hole	true
sfIntersects	line_edge	mpt	false
sfIntersects	line_edge	mline	true
sfIntersects	line_edge	mpoly	true
sfIntersects	line_far	pt_a	false
sfIntersects	line_far	pt_far	true
sfIntersects	line_far	pt_edge	false
sfIntersects	line_far	pt_corner	false
sfIntersects	line_far	line_diag	false
sfIntersects	line_far	line_horiz	false
sfIntersects	line_far	line_vert	false
sfIntersects	line_far	line_edge	false
sfIntersects	line_far	line_far	true
sfIntersects	line_far	sq_big	false
sfIntersects	line_far	sq_small	false
sfIntersects	line_far	sq_overlap	false
sfIntersects	line_far	sq_touch	false
sfIntersects	line_far	sq_corner	false
sfIntersects	line_far	sq_far	false
sfIntersects	line_far	sq_equal	false
sfIntersects	line_far	poly_hole	false
sfIntersects	line_far	mpt	false
sfIntersects	line_far	mline	false
sfIntersects	line_far	mpoly	false
sfIntersects	sq_big	pt_a	true
sfIntersects	sq_big	pt_far	false
sfIntersects	sq_big	pt_edge	true
sfIntersects	sq_big	pt_corner	true
sfIntersects	sq_big	line_diag	true
sfIntersects	sq_big	line_horiz	true
sfIntersects	sq_big	line_vert	true
sfIntersects	sq_big	line_edge	true
sfIntersects	sq_big	line_far	false
sfIntersects	sq_big	sq_big	true
sfIntersects	sq_big	sq_small	true
sfIntersects	sq_big	sq_overlap	true
sfIntersects	sq_big	sq_touch	true
sfIntersects	sq_big	sq_corner	true
sfIntersects	sq_big	sq_far	false
sfIntersects	sq_big	sq_equal	true
sfIntersects	sq_big	poly_hole	true
sfIntersects	sq_big	mpt	true
sfIntersects	sq_big	mline	true
sfIntersects	sq_big	mpoly	true
sfIntersects	sq_small	pt_a	true
sfIntersects	sq_small	pt_far	false
sfIntersects	sq_small	pt_edge	false
sfIntersects	sq_small	pt_corner	false
sfIntersects	sq_small	line_diag	true
sfIntersects	sq_small	line_horiz	true
sfIntersects	sq_small	line_vert	false
sfIntersects	sq_small	line_edge	false
sfIntersects	sq_small	line_far	false
sfIntersects	sq_small	sq_big	true
sfIntersects	sq_small	sq_small	true
sfIntersects	sq_small	sq_overlap	false
sfIntersects	sq_small	sq_touch	false
sfIntersects	sq_small	sq_corner	false
sfIntersects	sq_small	sq_far	false
sfIntersects	sq_small	sq_equal	true
sfIntersects	sq_small	poly_hole	true
sfIntersects	sq_small	mpt	false
sfIntersects	sq_small	mline	true
sfIntersects	sq_small	mpoly	true
sfIntersects	sq_overlap	pt_a	false
sfIntersects	sq_overlap	pt_far	false
sfIntersects	sq_overlap	pt_edge	false
sfIntersects	sq_overlap	pt_corner	true
sfIntersects	sq_overlap	line_diag	true
sfIntersects	sq_overlap	line_horiz	false
sfIntersects	sq_overlap	line_vert	false
sfIntersects	sq_overlap	line_edge	false
sfIntersects	sq_overlap	line_far	false
sfIntersects	sq_overlap	sq_big	true
sfIntersects	sq_overlap	sq_small	false
sfIntersects	sq_overlap	sq_overlap	true
sfIntersects	sq_overlap	sq_touch	true
sfIntersects	sq_overlap	sq_corner	true
sfIntersects	sq_overlap	sq_far	false
sfIntersects	sq_overlap	sq_equal	true
sfIntersects	sq_overlap	poly_hole	true
sfIntersects	sq_overlap	mpt	true
sfIntersects	sq_overlap	mline	true
sfIntersects	sq_overlap	mpoly	true
sfIntersects	sq_touch	pt_a	false
sfIntersects	sq_touch	pt_far	false
sfIntersects	sq_touch	pt_edge	false
sfIntersects	sq_touch	pt_corner	true
sfIntersects	sq_touch	line_diag	false
sfIntersects	sq_touch	line_horiz	true
sfIntersects	sq_touch	line_vert	false
sfIntersects	sq_touch	line_edge	true
sfIntersects	sq_touch	line_far	false
sfIntersects	sq_touch	sq_big	true
sfIntersects	sq_touch	sq_small	false
sfIntersects	sq_touch	sq_overlap	true
sfIntersects	sq_touch	sq_touch	true
sfIntersects	sq_touch	sq_corner	true
sfIntersects	sq_touch	sq_far	false
sfIntersects	sq_touch	sq_equal	true
sfIntersects	sq_touch	poly_hole	true
sfIntersects	sq_touch	mpt	false
sfIntersects	sq_touch	mline	false
sfIntersects	sq_touch	mpoly	false
sfIntersects	sq_corner	pt_a	false
sfIntersects	sq_corner	pt_far	false
sfIntersects	sq_corner	pt_edge	false
sfIntersects	sq_corner	pt_corner	true
sfIntersects	sq_corner	line_diag	false
sfIntersects	sq_corner	line_horiz	false
sfIntersects	sq_corner	line_vert	false
sfIntersects	sq_corner	line_edge	false
sfIntersects	sq_corner	line_far	false
sfIntersects	sq_corner	sq_big	true
sfIntersects	sq_corner	sq_small	false
sfIntersects	sq_corner	sq_overlap	true
sfIntersects	sq_corner	sq_touch	true
sfIntersects	sq_corner	sq_corner	true
sfIntersects	sq_corner	sq_far	false
sfIntersects	sq_corner	sq_equal	true
sfIntersects	sq_corner	poly_hole	false
sfIntersects	sq_corner	mpt	true
sfIntersects	sq_corner	mline	false
sfIntersects	sq_corner	mpoly	false
sfIntersects	sq_far	pt_a	false
sfIntersects	sq_far	pt_far	false
sfIntersects	sq_far	pt_edge	false
sfIntersects	sq_far	pt_corner	false
sfIntersects	sq_far	line_diag	false
sfIntersects	sq_far	line_horiz	false
sfIntersects	sq_far	line_vert	false
sfIntersects	sq_far	line_edge	false
sfIntersects	sq_far	line_far	false
sfIntersects	sq_far	sq_big	false
sfIntersects	sq_far	sq_small	false
sfIntersects	sq_far	sq_overlap	false
sfIntersects	sq_far	sq_touch	false
sfIntersects	sq_far	sq_corner	false
sfIntersects	sq_far	sq_far	true
sfIntersects	sq_far	sq_equal	false
sfIntersects	sq_far	poly_hole	false
sfIntersects	sq_far	mpt	false
sfIntersects	sq_far	mline	false
sfIntersects	sq_far	mpoly	false
sfIntersects	sq_equal	pt_a	true
sfIntersects	sq_equal	pt_far	false
sfIntersects	sq_equal	pt_edge	true
sfIntersects	sq_equal	pt_corner	true
sfIntersects	sq_equal	line_diag	true
sfIntersects	sq_equal	line_horiz	true
sfIntersects	sq_equal	line_vert	true
sfIntersects	sq_equal	line_edge	true
sfIntersects	sq_equal	line_far	false
sfIntersects	sq_equal	sq_big	true
sfIntersects	sq_equal	sq_small	true
sfIntersects	sq_equal	sq_overlap	true
sfIntersects	sq_equal	sq_touch	true
sfIntersects	sq_equal	sq_corner	true
sfIntersects	sq_equal	sq_far	false
sfIntersects	sq_equal	sq_equal	true
sfIntersects	sq_equal	poly_hole	true
sfIntersects	sq_equal	mpt	true
sfIntersects	sq_equal	mline	true
sfIntersects	sq_equal	mpoly	true
sfIntersects	poly_hole	pt_a	true
sfIntersects	poly_hole	pt_far	false
sfIntersects	poly_hole	pt_edge	true
sfIntersects	poly_hole	pt_corner	false
sfIntersects	poly_hole	line_diag	true
sfIntersects	poly_hole	line_horiz	true
sfIntersects	poly_hole	line_vert	true
sfIntersects	poly_hole	line_edge	true
sfIntersects	poly_hole	line_far	false
sfIntersects	poly_hole	sq_big	true
sfIntersects	poly_hole	sq_small	true
sfIntersects	poly_hole	sq_overlap	true
sfIntersects	poly_hole	sq_touch	true
sfIntersects	poly_hole	sq_corner	false
sfIntersects	poly_hole	sq_far	false
sfIntersects	poly_hole	sq_equal	true
sfIntersects	poly_hole	poly_hole	true
sfIntersects	poly_hole	mpt	true
sfIntersects	poly_hole	mline	true
sfIntersects	poly_hole	mpoly	true
sfIntersects	mpt	pt_a	false
sfIntersects	mpt	pt_far	false
sfIntersects	mpt	pt_edge	false
sfIntersects	mpt	pt_corner	false
sfIntersects	mpt	line_diag	true
sfIntersects	mpt	line_horiz	false
sfIntersects	mpt	line_vert	false
sfIntersects	mpt	line_edge	false
sfIntersects	mpt	line_far	false
sfIntersects	mpt	sq_big	true
sfIntersects	mpt	sq_small	false
sfIntersects	mpt	sq_overlap	true
sfIntersects	mpt	sq_touch	false
sfIntersects	mpt	sq_corner	true
sfIntersects	mpt	sq_far	false
sfIntersects	mpt	sq_equal	true
sfIntersects	mpt	poly_hole	true
sfIntersects	mpt	mpt	true
sfIntersects	mpt	mline	true
sfIntersects	mpt	mpoly	true
sfIntersects	mline	pt_a	true
sfIntersects	mline	pt_far	false
sfIntersects	mline	pt_edge	false
sfIntersects	mline	pt_corner	false
sfIntersects	mline	line_diag	true
sfIntersects	mline	line_horiz	true
sfIntersects	mline	line_vert	true
sfIntersects	mline	line_edge	true
sfIntersects	mline	line_far	false
sfIntersects	mline	sq_big	true
sfIntersects	mline	sq_small	true
sfIntersects	mline	sq_overlap	true
sfIntersects	mline	sq_touch	false
sfIntersects	mline	sq_corner	false
sfIntersects	mline	sq_far	false
sfIntersects	mline	sq_equal	true
sfIntersects	mline	poly_hole	true
sfIntersects	mline	mpt	true
sfIntersects	mline	mline	true
sfIntersects	mline	mpoly	true
sfIntersects	mpoly	pt_a	true
sfIntersects	mpoly	pt_far	false
sfIntersects	mpoly	pt_edge	false
sfIntersects	mpoly	pt_corner	false
sfIntersects	mpoly	line_diag	true
sfIntersects	mpoly	line_horiz	true
sfIntersects	mpoly	line_vert	true
sfIntersects	mpoly	line_edge	true
sfIntersects	mpoly	line_far	false
sfIntersects	mpoly	sq_big	true
sfIntersects	mpoly	sq_small	true
sfIntersects	mpoly	sq_overlap	true
sfIntersects	mpoly	sq_touch	false
sfIntersects	mpoly	sq_corner	false
sfIntersects	mpoly	sq_far	false
sfIntersects	mpoly	sq_equal	true
sfIntersects	mpoly	poly_hole	true
sfIntersects	mpoly	mpt	true
sfIntersects	mpoly	mline	true
sfIntersects	mpoly	mpoly	true
sfTouches	pt_a	pt_a	false
sfTouches	pt_a	pt_far	false
sfTouches	pt_a	pt_edge	false
sfTouches	pt_a	pt_corner	false
sfTouches	pt_a	line_diag	false
sfTouches	pt_a	line_horiz	false
sfTouches	pt_a	line_vert	false
sfTouches	pt_a	line_edge	false
sfTouches	pt_a	line_far	false
sfTouches	pt_a	sq_big	false
sfTouches	pt_a	sq_small	true
sfTouches	pt_a	sq_overlap	false
sfTouches	pt_a	sq_touch	false
sfTouches	pt_a	sq_corner	false
sfTouches	pt_a	sq_far	false
sfTouches	pt_a	sq_equal	false
sfTouches	pt_a	poly_hole	false
sfTouches	pt_a	mpt	false
sfTouches	pt_a	mline	false
sfTouches	pt_a	mpoly	false
sfTouches	pt_far	pt_a	false
sfTouches	pt_far	pt_far	false
sfTouches	pt_far	pt_edge	false
sfTouches	pt_far	pt_corner	false
sfTouches	pt_far	line_diag	false
sfTouches	pt_far	line_horiz	false
sfTouches	pt_far	line_vert	false
sfTouches	pt_far	line_edge	false
sfTouches	pt_far	line_far	true
sfTouches	pt_far	sq_big	false
sfTouches	pt_far	sq_small	false
sfTouches	pt_far	sq_overlap	false
sfTouches	pt_far	sq_touch	false
sfTouches	pt_far	sq_corner	false
sfTouches	pt_far	sq_far	false
sfTouches	pt_far	sq_equal	false
sfTouches	pt_far	poly_hole	false
sfTouches	pt_far	mpt	false
sfTouches	pt_far	mline	false
sfTouches	pt_far	mpoly	false
sfTouches	pt_edge	pt_a	false
sfTouches	pt_edge	pt_far	false
sfTouches	pt_edge	pt_edge	false
sfTouches	pt_edge	pt_corner	false
sfTouches	pt_edge	line_diag	false
sfTouches	pt_edge	line_horiz	false
sfTouches	pt_edge	line_vert	true
sfTouches	pt_edge	line_edge	false
sfTouches	pt_edge	line_far	false
sfTouches	pt_edge	sq_big	true
sfTouches	pt_edge	sq_small	false
sfTouches	pt_edge	sq_overlap	false
sfTouches	pt_edge	sq_touch	false
sfTouches	pt_edge	sq_corner	false
sfTouches	pt_edge	sq_far	false
sfTouches	pt_edge	sq_equal	true
sfTouches	pt_edge	poly_hole	true
sfTouches	pt_edge	mpt	false
sfTouches	pt_edge	mline	false
sfTouches	pt_edge	mpoly	false
sfTouches	pt_corner	pt_a	false
sfTouches	pt_corner	pt_far	false
sfTouches	pt_corner	pt_edge	false
sfTouches	pt_corner	pt_corner	false
sfTouches	pt_corner	line_diag	false
sfTouches	pt_corner	line_horiz	false
sfTouches	pt_corner	line_vert	false
sfTouches	pt_corner	line_edge	false
sfTouches	pt_corner	line_far	false
sfTouches	pt_corner	sq_big	true
sfTouches	pt_corner	sq_small	false
sfTouches	pt_corner	sq_overlap	false
sfTouches	pt_corner	sq_touch	true
sfTouches	pt_corner	sq_corner	true
sfTouches	pt_corner	sq_far	false
sfTouches	pt_corner	sq_equal	true
sfTouches	pt_corner	poly_hole	false
sfTouches	pt_corner	mpt	false
sfTouches	pt_corner	mline	false
sfTouches	pt_corner	mpoly	false
sfTouches	line_diag	pt_a	false
sfTouches	line_diag	pt_far	false
sfTouches	line_diag	pt_edge	false
sfTouches	line_diag	pt_corner	false
sfTouches	line_diag	line_diag	false
sfTouches	line_diag	line_horiz	false
sfTouches	line_diag	line_vert	false
sfTouches	line_diag	line_edge	true
sfTouches	line_diag	line_far	false
sfTouches	line_diag	sq_big	false
sfTouches	line_diag	sq_small	false
sfTouches	line_diag	sq_overlap	true
sfTouches	line_diag	sq_touch	false
sfTouches	line_diag	sq_corner	false
sfTouches	line_diag	sq_far	false
sfTouches	line_diag	sq_equal	false
sfTouches	line_diag	poly_hole	false
sfTouches	line_diag	mpt	false
sfTouches	line_diag	mline	false
sfTouches	line_diag	mpoly	false
sfTouches	line_horiz	pt_a	false
sfTouches	line_horiz	pt_far	false
sfTouches	line_horiz	pt_edge	false
sfTouches	line_horiz	pt_corner	false
sfTouches	line_horiz	line_diag	false
sfTouches	line_horiz	line_horiz	false
sfTouches	line_horiz	line_vert	false
sfTouches	line_horiz	line_edge	false
sfTouches	line_horiz	line_far	false
sfTouches	line_horiz	sq_big	false
sfTouches	line_horiz	sq_small	true
sfTouches	line_horiz	sq_overlap	false
sfTouches	line_horiz	sq_touch	true
sfTouches	line_horiz	sq_corner	false
sfTouches	line_horiz	sq_far	false
sfTouches	line_horiz	sq_equal	false
sfTouches	line_horiz	poly_hole	false
sfTouches	line_horiz	mpt	false
sfTouches	line_horiz	mline	false
sfTouches	line_horiz	mpoly	false
sfTouches	line_vert	pt_a	false
sfTouches	line_vert	pt_far	false
sfTouches	line_vert	pt_edge	true
sfTouches	line_vert	pt_corner	false
sfTouches	line_vert	line_diag	false
sfTouches	line_vert	line_horiz	false
sfTouches	line_vert	line_vert	false
sfTouches	line_vert	line_edge	true
sfTouches	line_vert	line_far	false
sfTouches	line_vert	sq_big	true
sfTouches	line_vert	sq_small	false
sfTouches	line_vert	sq_overlap	false
sfTouches	line_vert	sq_touch	false
sfTouches	line_vert	sq_corner	false
sfTouches	line_vert	sq_far	false
sfTouches	line_vert	sq_equal	true
sfTouches	line_vert	poly_hole	true
sfTouches	line_vert	mpt	false
sfTouches	line_vert	mline	false
sfTouches	line_vert	mpoly	true
sfTouches	line_edge	pt_a	false
sfTouches	line_edge	pt_far	false
sfTouches	line_edge	pt_edge	false
sfTouches	line_edge	pt_corner	false
sfTouches	line_edge	line_diag	true
sfTouches	line_edge	line_horiz	false
sfTouches	line_edge	line_vert	true
sfTouches	line_edge	line_edge	false
sfTouches	line_edge	line_far	false
sfTouches	line_edge	sq_big	true
sfTouches	line_edge	sq_small	false
sfTouches	line_edge	sq_overlap	false
sfTouches	line_edge	sq_touch	true
sfTouches	line_edge	sq_corner	false
sfTouches	line_edge	sq_far	false
sfTouches	line_edge	sq_equal	true
sfTouches	line_edge	poly_hole	true
sfTouches	line_edge	mpt	false
sfTouches	line_edge	mline	true
sfTouches	line_edge	mpoly	true
sfTouches	line_far	pt_a	false
sfTouches	line_far	pt_far	true
sfTouches	line_far	pt_edge	false
sfTouches	line_far	pt_corner	false
sfTouches	line_far	line_diag	false
sfTouches	line_far	line_horiz	false
sfTouches	line_far	line_vert	false
sfTouches	line_far	line_edge	false
sfTouches	line_far	line_far	false
sfTouches	line_far	sq_big	false
sfTouches	line_far	sq_small	false
sfTouches	line_far	sq_overlap	false
sfTouches	line_far	sq_touch	false
sfTouches	line_far	sq_corner	false
sfTouches	line_far	sq_far	false
sfTouches	line_far	sq_equal	false
sfTouches	line_far	poly_hole	false
sfTouches	line_far	mpt	false
sfTouches	line_far	mline	false
sfTouches	line_far	mpoly	false
sfTouches	sq_big	pt_a	false
sfTouches	sq_big	pt_far	false
sfTouches	sq_big	pt_edge	true
sfTouches	sq_big	pt_corner	true
sfTouches	sq_big	line_diag	false
sfTouches	sq_big	line_horiz	false
sfTouches	sq_big	line_vert	true
sfTouches	sq_big	line_edge	true
sfTouches	sq_big	line_far	false
sfTouches	sq_big	sq_big	false
sfTouches	sq_big	sq_small	false
sfTouches	sq_big	sq_overlap	false
sfTouches	sq_big	sq_touch	true
sfTouches	sq_big	sq_corner	true
sfTouches	sq_big	sq_far	false
sfTouches	sq_big	sq_equal	false
sfTouches	sq_big	poly_hole	false
sfTouches	sq_big	mpt	false
sfTouches	sq_big	mline	false
sfTouches	sq_big	mpoly	false
sfTouches	sq_small	pt_a	true
sfTouches	sq_small	pt_far	false
sfTouches	sq_small	pt_edge	false
sfTouches	sq_small	pt_corner	false
sfTouches	sq_small	line_diag	false
sfTouches	sq_small	line_horiz	true
sfTouches	sq_small	line_vert	false
sfTouches	sq_small	line_edge	false
sfTouches	sq_small	line_far	false
sfTouches	sq_small	sq_big	false
sfTouches	sq_small	sq_small	false
sfTouches	sq_small	sq_overlap	false
sfTouches	sq_small	sq_touch	false
sfTouches	sq_small	sq_corner	false
sfTouches	sq_small	sq_far	false
sfTouches	sq_small	sq_equal	false
sfTouches	sq_small	poly_hole	false
sfTouches	sq_small	mpt	false
sfTouches	sq_small	mline	false
sfTouches	sq_small	mpoly	false
sfTouches	sq_overlap	pt_a	false
sfTouches	sq_overlap	pt_far	false
sfTouches	sq_overlap	pt_edge	false
sfTouches	sq_overlap	pt_corner	false
sfTouches	sq_overlap	line_diag	true
sfTouches	sq_overlap	line_horiz	false
sfTouches	sq_overlap	line_vert	false
sfTouches	sq_overlap	line_edge	false
sfTouches	sq_overlap	line_far	false
sfTouches	sq_overlap	sq_big	false
sfTouches	sq_overlap	sq_small	false
sfTouches	sq_overlap	sq_overlap	false
sfTouches	sq_overlap	sq_touch	false
sfTouches	sq_overlap	sq_corner	false
sfTouches	sq_overlap	sq_far	false
sfTouches	sq_overlap	sq_equal	false
sfTouches	sq_overlap	poly_hole	true
sfTouches	sq_overlap	mpt	false
sfTouches	sq_overlap	mline	true
sfTouches	sq_overlap	mpoly	false
sfTouches	sq_touch	pt_a	false
sfTouches	sq_touch	pt_far	false
sfTouches	sq_touch	pt_edge	false
sfTouches	sq_touch	pt_corner	true
sfTouches	sq_touch	line_diag	false
sfTouches	sq_touch	line_horiz	true
sfTouches	sq_touch	line_vert	false
sfTouches	sq_touch	line_edge	true
sfTouches	sq_touch	line_far	false
sfTouches	sq_touch	sq_big	true
sfTouches	sq_touch	sq_small	false
sfTouches	sq_touch	sq_overlap	false
sfTouches	sq_touch	sq_touch	false
sfTouches	sq_touch	sq_corner	true
sfTouches	sq_touch	sq_far	false
sfTouches	sq_touch	sq_equal	true
sfTouches	sq_touch	poly_hole	false
sfTouches	sq_touch	mpt	false
sfTouches	sq_touch	mline	false
sfTouches	sq_touch	mpoly	false
sfTouches	sq_corner	pt_a	false
sfTouches	sq_corner	pt_far	false
sfTouches	sq_corner	pt_edge	false
sfTouches	sq_corner	pt_corner	true
sfTouches	sq_corner	line_diag	false
sfTouches	sq_corner	line_horiz	false
sfTouches	sq_corner	line_vert	false
sfTouches	sq_corner	line_edge	false
sfTouches	sq_corner	line_far	false
sfTouches	sq_corner	sq_big	true
sfTouches	sq_corner	sq_small	false
sfTouches	sq_corner	sq_overlap	false
sfTouches	sq_corner	sq_touch	true
sfTouches	sq_corner	sq_corner	false
sfTouches	sq_corner	sq_far	false
sfTouches	sq_corner	sq_equal	true
sfTouches	sq_corner	poly_hole	false
sfTouches	sq_corner	mpt	false
sfTouches	sq_corner	mline	false
sfTouches	sq_corner	mpoly	false
sfTouches	sq_far	pt_a	false
sfTouches	sq_far	pt_far	false
sfTouches	sq_far	pt_edge	false
sfTouches	sq_far	pt_corner	false
sfTouches	sq_far	line_diag	false
sfTouches	sq_far	line_horiz	false
sfTouches	sq_far	line_vert	false
sfTouches	sq_far	line_edge	false
sfTouches	sq_far	line_far	false
sfTouches	sq_far	sq_big	false
sfTouches	sq_far	sq_small	false
sfTouches	sq_far	sq_overlap	false
sfTouches	sq_far	sq_touch	false
sfTouches	sq_far	sq_corner	false
sfTouches	sq_far	sq_far	false
sfTouches	sq_far	sq_equal	false
sfTouches	sq_far	poly_hole	false
sfTouches	sq_far	mpt	false
sfTouches	sq_far	mline	false
sfTouches	sq_far	mpoly	false
sfTouches	sq_equal	pt_a	false
sfTouches	sq_equal	pt_far	false
sfTouches	sq_equal	pt_edge	true
sfTouches	sq_equal	pt_corner	true
sfTouches	sq_equal	line_diag	false
sfTouches	sq_equal	line_horiz	false
sfTouches	sq_equal	line_vert	true
sfTouches	sq_equal	line_edge	true
sfTouches	sq_equal	line_far	false
sfTouches	sq_equal	sq_big	false
sfTouches	sq_equal	sq_small	false
sfTouches	sq_equal	sq_overlap	false
sfTouches	sq_equal	sq_touch	true
sfTouches	sq_equal	sq_corner	true
sfTouches	sq_equal	sq_far	false
sfTouches	sq_equal	sq_equal	false
sfTouches	sq_equal	poly_hole	false
sfTouches	sq_equal	mpt	false
sfTouches	sq_equal	mline	false
sfTouches	sq_equal	mpoly	false
sfTouches	poly_hole	pt_a	false
sfTouches	poly_hole	pt_far	false
sfTouches	poly_hole	pt_edge	true
sfTouches	poly_hole	pt_corner	false
sfTouches	poly_hole	line_diag	false
sfTouches	poly_hole	line_horiz	false
sfTouches	poly_hole	line_vert	true
sfTouches	poly_hole	line_edge	true
sfTouches	poly_hole	line_far	false
sfTouches	poly_hole	sq_big	false
sfTouches	poly_hole	sq_small	false
sfTouches	poly_hole	sq_overlap	true
sfTouches	poly_hole	sq_touch	false
sfTouches	poly_hole	sq_corner	false
sfTouches	poly_hole	sq_far	false
sfTouches	poly_hole	sq_equal	false
sfTouches	poly_hole	poly_hole	false
sfTouches	poly_hole	mpt	false
sfTouches	poly_hole	mline	false
sfTouches	poly_hole	mpoly	false
sfTouches	mpt	pt_a	false
sfTouches	mpt	pt_far	false
sfTouches	mpt	pt_edge	false
sfTouches	mpt	pt_corner	false
sfTouches	mpt	line_diag	false
sfTouches	mpt	line_horiz	false
sfTouches	mpt	line_vert	false
sfTouches	mpt	line_edge	false
sfTouches	mpt	line_far	false
sfTouches	mpt	sq_big	false
sfTouches	mpt	sq_small	false
sfTouches	mpt	sq_overlap	false
sfTouches	mpt	sq_touch	false
sfTouches	mpt	sq_corner	false
sfTouches	mpt	sq_far	false
sfTouches	mpt	sq_equal	false
sfTouches	mpt	poly_hole	false
sfTouches	mpt	mpt	false
sfTouches	mpt	mline	false
sfTouches	mpt	mpoly	false
sfTouches	mline	pt_a	false
sfTouches	mline	pt_far	false
sfTouches	mline	pt_edge	false
sfTouches	mline	pt_corner	false
sfTouches	mline	line_diag	false
sfTouches	mline	line_horiz	false
sfTouches	mline	line_vert	false
sfTouches	mline	line_edge	true
sfTouches	mline	line_far	false
sfTouches	mline	sq_big	false
sfTouches	mline	sq_small	false
sfTouches	mline	sq_overlap	true
sfTouches	mline	sq_touch	false
sfTouches	mline	sq_corner	false
sfTouches	mline	sq_far	false
sfTouches	mline	sq_equal	false
sfTouches	mline	poly_hole	false
sfTouches	mline	mpt	false
sfTouches	mline	mline	false
sfTouches	mline	mpoly	false
sfTouches	mpoly	pt_a	false
sfTouches	mpoly	pt_far	false
sfTouches	mpoly	pt_edge	false
sfTouches	mpoly	pt_corner	false
sfTouches	mpoly	line_diag	false
sfTouches	mpoly	line_horiz	false
sfTouches	mpoly	line_vert	true
sfTouches	mpoly	line_edge	true
sfTouches	mpoly	line_far	false
sfTouches	mpoly	sq_big	false
sfTouches	mpoly	sq_small	false
sfTouches	mpoly	sq_overlap	false
sfTouches	mpoly	sq_touch	false
sfTouches	mpoly	sq_corner	false
sfTouches	mpoly	sq_far	false
sfTouches	mpoly	sq_equal	false
sfTouches	mpoly	poly_hole	false
sfTouches	mpoly	mpt	false
sfTouches	mpoly	mline	false
sfTouches	mpoly	mpoly	false
sfCrosses	pt_a	pt_a	false
sfCrosses	pt_a	pt_far	false
sfCrosses	pt_a	pt_edge	false
sfCrosses	pt_a	pt_corner	false
sfCrosses	pt_a	line_diag	false
sfCrosses	pt_a	line_horiz	false
sfCrosses	pt_a	line_vert	false
sfCrosses	pt_a	line_edge	false
sfCrosses	pt_a	line_far	false
sfCrosses	pt_a	sq_big	false
sfCrosses	pt_a	sq_small	false
sfCrosses	pt_a	sq_overlap	false
sfCrosses	pt_a	sq_touch	false
sfCrosses	pt_a	sq_corner	false
sfCrosses	pt_a	sq_far	false
sfCrosses	pt_a	sq_equal	false
sfCrosses	pt_a	poly_hole	false
sfCrosses	pt_a	mpt	false
sfCrosses	pt_a	mline	false
sfCrosses	pt_a	mpoly	false
sfCrosses	pt_far	pt_a	false
sfCrosses	pt_far	pt_far	false
sfCrosses	pt_far	pt_edge	false
sfCrosses	pt_far	pt_corner	false
sfCrosses	pt_far	line_diag	false
sfCrosses	pt_far	line_horiz	false
sfCrosses	pt_far	line_vert	false
sfCrosses	pt_far	line_edge	false
sfCrosses	pt_far	line_far	false
sfCrosses	pt_far	sq_big	false
sfCrosses	pt_far	sq_small	false
sfCrosses	pt_far	sq_overlap	false
sfCrosses	pt_far	sq_touch	false
sfCrosses	pt_far	sq_corner	false
sfCrosses	pt_far	sq_far	false
sfCrosses	pt_far	sq_equal	false
sfCrosses	pt_far	poly_hole	false
sfCrosses	pt_far	mpt	false
sfCrosses	pt_far	mline	false
sfCrosses	pt_far	mpoly	false
sfCrosses	pt_edge	pt_a	false
sfCrosses	pt_edge	pt_far	false
sfCrosses	pt_edge	pt_edge	false
sfCrosses	pt_edge	pt_corner	false
sfCrosses	pt_edge	line_diag	false
sfCrosses	pt_edge	line_horiz	false
sfCrosses	pt_edge	line_vert	false
sfCrosses	pt_edge	line_edge	false
sfCrosses	pt_edge	line_far	false
sfCrosses	pt_edge	sq_big	false
sfCrosses	pt_edge	sq_small	false
sfCrosses	pt_edge	sq_overlap	false
sfCrosses	pt_edge	sq_touch	false
sfCrosses	pt_edge	sq_corner	false
sfCrosses	pt_edge	sq_far	false
sfCrosses	pt_edge	sq_equal	false
sfCrosses	pt_edge	poly_hole	false
sfCrosses	pt_edge	mpt	false
sfCrosses	pt_edge	mline	false
sfCrosses	pt_edge	mpoly	false
sfCrosses	pt_corner	pt_a	false
sfCrosses	pt_corner	pt_far	false
sfCrosses	pt_corner	pt_edge	false
sfCrosses	pt_corner	pt_corner	false
sfCrosses	pt_corner	line_diag	false
sfCrosses	pt_corner	line_horiz	false
sfCrosses	pt_corner	line_vert	false
sfCrosses	pt_corner	line_edge	false
sfCrosses	pt_corner	line_far	false
sfCrosses	pt_corner	sq_big	false
sfCrosses	pt_corner	sq_small	false
sfCrosses	pt_corner	sq_overlap	false
sfCrosses	pt_corner	sq_touch	false
sfCrosses	pt_corner	sq_corner	false
sfCrosses	pt_corner	sq_far	false
sfCrosses	pt_corner	sq_equal	false
sfCrosses	pt_corner	poly_hole	false
sfCrosses	pt_corner	mpt	false
sfCrosses	pt_corner	mline	false
sfCrosses	pt_corner	mpoly	false
sfCrosses	line_diag	pt_a	false
sfCrosses	line_diag	pt_far	false
sfCrosses	line_diag	pt_edge	false
sfCrosses	line_diag	pt_corner	false
sfCrosses	line_diag	line_diag	false
sfCrosses	line_diag	line_horiz	true
sfCrosses	line_diag	line_vert	true
sfCrosses	line_diag	line_edge	false
sfCrosses	line_diag	line_far	false
sfCrosses	line_diag	sq_big	true
sfCrosses	line_diag	sq_small	true
sfCrosses	line_diag	sq_overlap	false
sfCrosses	line_diag	sq_touch	false
sfCrosses	line_diag	sq_corner	false
sfCrosses	line_diag	sq_far	false
sfCrosses	line_diag	sq_equal	true
sfCrosses	line_diag	poly_hole	true
sfCrosses	line_diag	mpt	true
sfCrosses	line_diag	mline	false
sfCrosses	line_diag	mpoly	true
sfCrosses	line_horiz	pt_a	false
sfCrosses	line_horiz	pt_far	false
sfCrosses	line_horiz	pt_edge	false
sfCrosses	line_horiz	pt_corner	false
sfCrosses	line_horiz	line_diag	true
sfCrosses	line_horiz	line_horiz	false
sfCrosses	line_horiz	line_vert	true
sfCrosses	line_horiz	line_edge	false
sfCrosses	line_horiz	line_far	false
sfCrosses	line_horiz	sq_big	true
sfCrosses	line_horiz	sq_small	false
sfCrosses	line_horiz	sq_overlap	false
sfCrosses	line_horiz	sq_touch	false
sfCrosses	line_horiz	sq_corner	false
sfCrosses	line_horiz	sq_far	false
sfCrosses	line_horiz	sq_equal	true
sfCrosses	line_horiz	poly_hole	true
sfCrosses	line_horiz	mpt	false
sfCrosses	line_horiz	mline	true
sfCrosses	line_horiz	mpoly	true
sfCrosses	line_vert	pt_a	false
sfCrosses	line_vert	pt_far	false
sfCrosses	line_vert	pt_edge	false
sfCrosses	line_vert	pt_corner	false
sfCrosses	line_vert	line_diag	true
sfCrosses	line_vert	line_horiz	true
sfCrosses	line_vert	line_vert	false
sfCrosses	line_vert	line_edge	false
sfCrosses	line_vert	line_far	false
sfCrosses	line_vert	sq_big	false
sfCrosses	line_vert	sq_small	false
sfCrosses	line_vert	sq_overlap	false
sfCrosses	line_vert	sq_touch	false
sfCrosses	line_vert	sq_corner	false
sfCrosses	line_vert	sq_far	false
sfCrosses	line_vert	sq_equal	false
sfCrosses	line_vert	poly_hole	false
sfCrosses	line_vert	mpt	false
sfCrosses	line_vert	mline	true
sfCrosses	line_vert	mpoly	false
sfCrosses	line_edge	pt_a	false
sfCrosses	line_edge	pt_far	false
sfCrosses	line_edge	pt_edge	false
sfCrosses	line_edge	pt_corner	false
sfCrosses	line_edge	line_diag	false
sfCrosses	line_edge	line_horiz	false
sfCrosses	line_edge	line_vert	false
sfCrosses	line_edge	line_edge	false
sfCrosses	line_edge	line_far	false
sfCrosses	line_edge	sq_big	false
sfCrosses	line_edge	sq_small	false
sfCrosses	line_edge	sq_overlap	false
sfCrosses	line_edge	sq_touch	false
sfCrosses	line_edge	sq_corner	false
sfCrosses	line_edge	sq_far	false
sfCrosses	line_edge	sq_equal	false
sfCrosses	line_edge	poly_hole	false
sfCrosses	line_edge	mpt	false
sfCrosses	line_edge	mline	false
sfCrosses	line_edge	mpoly	false
sfCrosses	line_far	pt_a	false
sfCrosses	line_far	pt_far	false
sfCrosses	line_far	pt_edge	false
sfCrosses	line_far	pt_corner	false
sfCrosses	line_far	line_diag	false
sfCrosses	line_far	line_horiz	false
sfCrosses	line_far	line_vert	false
sfCrosses	line_far	line_edge	false
sfCrosses	line_far	line_far	false
sfCrosses	line_far	sq_big	false
sfCrosses	line_far	sq_small	false
sfCrosses	line_far	sq_overlap	false
sfCrosses	line_far	sq_touch	false
sfCrosses	line_far	sq_corner	false
sfCrosses	line_far	sq_far	false
sfCrosses	line_far	sq_equal	false
sfCrosses	line_far	poly_hole	false
sfCrosses	line_far	mpt	false
sfCrosses	line_far	mline	false
sfCrosses	line_far	mpoly	false
sfCrosses	sq_big	pt_a	false
sfCrosses	sq_big	pt_far	false
sfCrosses	sq_big	pt_edge	false
sfCrosses	sq_big	pt_corner	false
sfCrosses	sq_big	line_diag	true
sfCrosses	sq_big	line_horiz	true
sfCrosses	sq_big	line_vert	false
sfCrosses	sq_big	line_edge	false
sfCrosses	sq_big	line_far	false
sfCrosses	sq_big	sq_big	false
sfCrosses	sq_big	sq_small	false
sfCrosses	sq_big	sq_overlap	false
sfCrosses	sq_big	sq_touch	false
sfCrosses	sq_big	sq_corner	false
sfCrosses	sq_big	sq_far	false
sfCrosses	sq_big	sq_equal	false
sfCrosses	sq_big	poly_hole	false
sfCrosses	sq_big	mpt	true
sfCrosses	sq_big	mline	true
sfCrosses	sq_big	mpoly	false
sfCrosses	sq_small	pt_a	false
sfCrosses	sq_small	pt_far	false
sfCrosses	sq_small	pt_edge	false
sfCrosses	sq_small	pt_corner	false
sfCrosses	sq_small	line_diag	true
sfCrosses	sq_small	line_horiz	false
sfCrosses	sq_small	line_vert	false
sfCrosses	sq_small	line_edge	false
sfCrosses	sq_small	line_far	false
sfCrosses	sq_small	sq_big	false
sfCrosses	sq_small	sq_small	false
sfCrosses	sq_small	sq_overlap	false
sfCrosses	sq_small	sq_touch	false
sfCrosses	sq_small	sq_corner	false
sfCrosses	sq_small	sq_far	false
sfCrosses	sq_small	sq_equal	false
sfCrosses	sq_small	poly_hole	false
sfCrosses	sq_small	mpt	false
sfCrosses	sq_small	mline	true
sfCrosses	sq_small	mpoly	false
sfCrosses	sq_overlap	pt_a	false
sfCrosses	sq_overlap	pt_far	false
sfCrosses	sq_overlap	pt_edge	false
sfCrosses	sq_overlap	pt_corner	false
sfCrosses	sq_overlap	line_diag	false
sfCrosses	sq_overlap	line_horiz	false
sfCrosses	sq_overlap	line_vert	false
sfCrosses	sq_overlap	line_edge	false
sfCrosses	sq_overlap	line_far	false
sfCrosses	sq_overlap	sq_big	false
sfCrosses	sq_overlap	sq_small	false
sfCrosses	sq_overlap	sq_overlap	false
sfCrosses	sq_overlap	sq_touch	false
sfCrosses	sq_overlap	sq_corner	false
sfCrosses	sq_overlap	sq_far	false
sfCrosses	sq_overlap	sq_equal	false
sfCrosses	sq_overlap	poly_hole	false
sfCrosses	sq_overlap	mpt	true
sfCrosses	sq_overlap	mline	false
sfCrosses	sq_overlap	mpoly	false
sfCrosses	sq_touch	pt_a	false
sfCrosses	sq_touch	pt_far	false
sfCrosses	sq_touch	pt_edge	false
sfCrosses	sq_touch	pt_corner	false
sfCrosses	sq_touch	line_diag	false
sfCrosses	sq_touch	line_horiz	false
sfCrosses	sq_touch	line_vert	false
sfCrosses	sq_touch	line_edge	false
sfCrosses	sq_touch	line_far	false
sfCrosses	sq_touch	sq_big	false
sfCrosses	sq_touch	sq_small	false
sfCrosses	sq_touch	sq_overlap	false
sfCrosses	sq_touch	sq_touch	false
sfCrosses	sq_touch	sq_corner	false
sfCrosses	sq_touch	sq_far	false
sfCrosses	sq_touch	sq_equal	false
sfCrosses	sq_touch	poly_hole	false
sfCrosses	sq_touch	mpt	false
sfCrosses	sq_touch	mline	false
sfCrosses	sq_touch	mpoly	false
sfCrosses	sq_corner	pt_a	false
sfCrosses	sq_corner	pt_far	false
sfCrosses	sq_corner	pt_edge	false
sfCrosses	sq_corner	pt_corner	false
sfCrosses	sq_corner	line_diag	false
sfCrosses	sq_corner	line_horiz	false
sfCrosses	sq_corner	line_vert	false
sfCrosses	sq_corner	line_edge	false
sfCrosses	sq_corner	line_far	false
sfCrosses	sq_corner	sq_big	false
sfCrosses	sq_corner	sq_small	false
sfCrosses	sq_corner	sq_overlap	false
sfCrosses	sq_corner	sq_touch	false
sfCrosses	sq_corner	sq_corner	false
sfCrosses	sq_corner	sq_far	false
sfCrosses	sq_corner	sq_equal	false
sfCrosses	sq_corner	poly_hole	false
sfCrosses	sq_corner	mpt	true
sfCrosses	sq_corner	mline	false
sfCrosses	sq_corner	mpoly	false
sfCrosses	sq_far	pt_a	false
sfCrosses	sq_far	pt_far	false
sfCrosses	sq_far	pt_edge	false
sfCrosses	sq_far	pt_corner	false
sfCrosses	sq_far	line_diag	false
sfCrosses	sq_far	line_horiz	false
sfCrosses	sq_far	line_vert	false
sfCrosses	sq_far	line_edge	false
sfCrosses	sq_far	line_far	false
sfCrosses	sq_far	sq_big	false
sfCrosses	sq_far	sq_small	false
sfCrosses	sq_far	sq_overlap	false
sfCrosses	sq_far	sq_touch	false
sfCrosses	sq_far	sq_corner	false
sfCrosses	sq_far	sq_far	false
sfCrosses	sq_far	sq_equal	false
sfCrosses	sq_far	poly_hole	false
sfCrosses	sq_far	mpt	false
sfCrosses	sq_far	mline	false
sfCrosses	sq_far	mpoly	false
sfCrosses	sq_equal	pt_a	false
sfCrosses	sq_equal	pt_far	false
sfCrosses	sq_equal	pt_edge	false
sfCrosses	sq_equal	pt_corner	false
sfCrosses	sq_equal	line_diag	true
sfCrosses	sq_equal	line_horiz	true
sfCrosses	sq_equal	line_vert	false
sfCrosses	sq_equal	line_edge	false
sfCrosses	sq_equal	line_far	false
sfCrosses	sq_equal	sq_big	false
sfCrosses	sq_equal	sq_small	false
sfCrosses	sq_equal	sq_overlap	false
sfCrosses	sq_equal	sq_touch	false
sfCrosses	sq_equal	sq_corner	false
sfCrosses	sq_equal	sq_far	false
sfCrosses	sq_equal	sq_equal	false
sfCrosses	sq_equal	poly_hole	false
sfCrosses	sq_equal	mpt	true
sfCrosses	sq_equal	mline	true
sfCrosses	sq_equal	mpoly	false
sfCrosses	poly_hole	pt_a	false
sfCrosses	poly_hole	pt_far	false
sfCrosses	poly_hole	pt_edge	false
sfCrosses	poly_hole	pt_corner	false
sfCrosses	poly_hole	line_diag	true
sfCrosses	poly_hole	line_horiz	true
sfCrosses	poly_hole	line_vert	false
sfCrosses	poly_hole	line_edge	false
sfCrosses	poly_hole	line_far	false
sfCrosses	poly_hole	sq_big	false
sfCrosses	poly_hole	sq_small	false
sfCrosses	poly_hole	sq_overlap	false
sfCrosses	poly_hole	sq_touch	false
sfCrosses	poly_hole	sq_corner	false
sfCrosses	poly_hole	sq_far	false
sfCrosses	poly_hole	sq_equal	false
sfCrosses	poly_hole	poly_hole	false
sfCrosses	poly_hole	mpt	true
sfCrosses	poly_hole	mline	true
sfCrosses	poly_hole	mpoly	false
sfCrosses	mpt	pt_a	false
sfCrosses	mpt	pt_far	false
sfCrosses	mpt	pt_edge	false
sfCrosses	mpt	pt_corner	false
sfCrosses	mpt	line_diag	true
sfCrosses	mpt	line_horiz	false
sfCrosses	mpt	line_vert	false
sfCrosses	mpt	line_edge	false
sfCrosses	mpt	line_far	false
sfCrosses	mpt	sq_big	true
sfCrosses	mpt	sq_small	false
sfCrosses	mpt	sq_overlap	true
sfCrosses	mpt	sq_touch	false
sfCrosses	mpt	sq_corner	true
sfCrosses	mpt	sq_far	false
sfCrosses	mpt	sq_equal	true
sfCrosses	mpt	poly_hole	true
sfCrosses	mpt	mpt	false
sfCrosses	mpt	mline	true
sfCrosses	mpt	mpoly	true
sfCrosses	mline	pt_a	false
sfCrosses	mline	pt_far	false
sfCrosses	mline	pt_edge	false
sfCrosses	mline	pt_corner	false
sfCrosses	mline	line_diag	false
sfCrosses	mline	line_horiz	true
sfCrosses	mline	line_vert	true
sfCrosses	mline	line_edge	false
sfCrosses	mline	line_far	false
sfCrosses	mline	sq_big	true
sfCrosses	mline	sq_small	true
sfCrosses	mline	sq_overlap	false
sfCrosses	mline	sq_touch	false
sfCrosses	mline	sq_corner	false
sfCrosses	mline	sq_far	false
sfCrosses	mline	sq_equal	true
sfCrosses	mline	poly_hole	true
sfCrosses	mline	mpt	true
sfCrosses	mline	mline	false
sfCrosses	mline	mpoly	true
sfCrosses	mpoly	pt_a	false
sfCrosses	mpoly	pt_far	false
sfCrosses	mpoly	pt_edge	false
sfCrosses	mpoly	pt_corner	false
sfCrosses	mpoly	line_diag	true
sfCrosses	mpoly	line_horiz	true
sfCrosses	mpoly	line_vert	false
sfCrosses	mpoly	line_edge	false
sfCrosses	mpoly	line_far	false
sfCrosses	mpoly	sq_big	false
sfCrosses	mpoly	sq_small	false
sfCrosses	mpoly	sq_overlap	false
sfCrosses	mpoly	sq_touch	false
sfCrosses	mpoly	sq_corner	false
sfCrosses	mpoly	sq_far	false
sfCrosses	mpoly	sq_equal	false
sfCrosses	mpoly	poly_hole	false
sfCrosses	mpoly	mpt	true
sfCrosses	mpoly	mline	true
sfCrosses	mpoly	mpoly	false
sfWithin	pt_a	pt_a	true
sfWithin	pt_a	pt_far	false
sfWithin	pt_a	pt_edge	false
sfWithin	pt_a	pt_corner	false
sfWithin	pt_a	line_diag	true
sfWithin	pt_a	line_horiz	true
sfWithin	pt_a	line_vert	false
sfWithin	pt_a	line_edge	false
sfWithin	pt_a	line_far	false
sfWithin	pt_a	sq_big	true
sfWithin	pt_a	sq_small	false
sfWithin	pt_a	sq_overlap	false
sfWithin	pt_a	sq_touch	false
sfWithin	pt_a	sq_corner	false
sfWithin	pt_a	sq_far	false
sfWithin	pt_a	sq_equal	true
sfWithin	pt_a	poly_hole	true
sfWithin	pt_a	mpt	false
sfWithin	pt_a	mline	true
sfWithin	pt_a	mpoly	true
sfWithin	pt_far	pt_a	false
sfWithin	pt_far	pt_far	true
sfWithin	pt_far	pt_edge	false
sfWithin	pt_far	pt_corner	false
sfWithin	pt_far	line_diag	false
sfWithin	pt_far	line_horiz	false
sfWithin	pt_far	line_vert	false
sfWithin	pt_far	line_edge	false
sfWithin	pt_far	line_far	false
sfWithin	pt_far	sq_big	false
sfWithin	pt_far	sq_small	false
sfWithin	pt_far	sq_overlap	false
sfWithin	pt_far	sq_touch	false
sfWithin	pt_far	sq_corner	false
sfWithin	pt_far	sq_far	false
sfWithin	pt_far	sq_equal	false
sfWithin	pt_far	poly_hole	false
sfWithin	pt_far	mpt	false
sfWithin	pt_far	mline	false
sfWithin	pt_far	mpoly	false
sfWithin	pt_edge	pt_a	false
sfWithin	pt_edge	pt_far	false
sfWithin	pt_edge	pt_edge	true
sfWithin	pt_edge	pt_corner	false
sfWithin	pt_edge	line_diag	false
sfWithin	pt_edge	line_horiz	false
sfWithin	pt_edge	line_vert	false
sfWithin	pt_edge	line_edge	false
sfWithin	pt_edge	line_far	false
sfWithin	pt_edge	sq_big	false
sfWithin	pt_edge	sq_small	false
sfWithin	pt_edge	sq_overlap	false
sfWithin	pt_edge	sq_touch	false
sfWithin	pt_edge	sq_corner	false
sfWithin	pt_edge	sq_far	false
sfWithin	pt_edge	sq_equal	false
sfWithin	pt_edge	poly_hole	false
sfWithin	pt_edge	mpt	false
sfWithin	pt_edge	mline	false
sfWithin	pt_edge	mpoly	false
sfWithin	pt_corner	pt_a	false
sfWithin	pt_corner	pt_far	false
sfWithin	pt_corner	pt_edge	false
sfWithin	pt_corner	pt_corner	true
sfWithin	pt_corner	line_diag	false
sfWithin	pt_corner	line_horiz	false
sfWithin	pt_corner	line_vert	false
sfWithin	pt_corner	line_edge	false
sfWithin	pt_corner	line_far	false
sfWithin	pt_corner	sq_big	false
sfWithin	pt_corner	sq_small	false
sfWithin	pt_corner	sq_overlap	true
sfWithin	pt_corner	sq_touch	false
sfWithin	pt_corner	sq_corner	false
sfWithin	pt_corner	sq_far	false
sfWithin	pt_corner	sq_equal	false
sfWithin	pt_corner	poly_hole	false
sfWithin	pt_corner	mpt	false
sfWithin	pt_corner	mline	false
sfWithin	pt_corner	mpoly	false
sfWithin	line_diag	pt_a	false
sfWithin	line_diag	pt_far	false
sfWithin	line_diag	pt_edge	false
sfWithin	line_diag	pt_corner	false
sfWithin	line_diag	line_diag	true
sfWithin	line_diag	line_horiz	false
sfWithin	line_diag	line_vert	false
sfWithin	line_diag	line_edge	false
sfWithin	line_diag	line_far	false
sfWithin	line_diag	sq_big	false
sfWithin	line_diag	sq_small	false
sfWithin	line_diag	sq_overlap	false
sfWithin	line_diag	sq_touch	false
sfWithin	line_diag	sq_corner	false
sfWithin	line_diag	sq_far	false
sfWithin	line_diag	sq_equal	false
sfWithin	line_diag	poly_hole	false
sfWithin	line_diag	mpt	false
sfWithin	line_diag	mline	true
sfWithin	line_diag	mpoly	false
sfWithin	line_horiz	pt_a	false
sfWithin	line_horiz	pt_far	false
sfWithin	line_horiz	pt_edge	false
sfWithin	line_horiz	pt_corner	false
sfWithin	line_horiz	line_diag	false
sfWithin	line_horiz	line_horiz	true
sfWithin	line_horiz	line_vert	false
sfWithin	line_horiz	line_edge	false
sfWithin	line_horiz	line_far	false
sfWithin	line_horiz	sq_big	false
sfWithin	line_horiz	sq_small	false
sfWithin	line_horiz	sq_overlap	false
sfWithin	line_horiz	sq_touch	false
sfWithin	line_horiz	sq_corner	false
sfWithin	line_horiz	sq_far	false
sfWithin	line_horiz	sq_equal	false
sfWithin	line_horiz	poly_hole	false
sfWithin	line_horiz	mpt	false
sfWithin	line_horiz	mline	false
sfWithin	line_horiz	mpoly	false
sfWithin	line_vert	pt_a	false
sfWithin	line_vert	pt_far	false
sfWithin	line_vert	pt_edge	false
sfWithin	line_vert	pt_corner	false
sfWithin	line_vert	line_diag	false
sfWithin	line_vert	line_horiz	false
sfWithin	line_vert	line_vert	true
sfWithin	line_vert	line_edge	false
sfWithin	line_vert	line_far	false
sfWithin	line_vert	sq_big	false
sfWithin	line_vert	sq_small	false
sfWithin	line_vert	sq_overlap	false
sfWithin	line_vert	sq_touch	false
sfWithin	line_vert	sq_corner	false
sfWithin	line_vert	sq_far	false
sfWithin	line_vert	sq_equal	false
sfWithin	line_vert	poly_hole	false
sfWithin	line_vert	mpt	false
sfWithin	line_vert	mline	false
sfWithin	line_vert	mpoly	false
sfWithin	line_edge	pt_a	false
sfWithin	line_edge	pt_far	false
sfWithin	line_edge	pt_edge	false
sfWithin	line_edge	pt_corner	false
sfWithin	line_edge	line_diag	false
sfWithin	line_edge	line_horiz	false
sfWithin	line_edge	line_vert	false
sfWithin	line_edge	line_edge	true
sfWithin	line_edge	line_far	false
sfWithin	line_edge	sq_big	false
sfWithin	line_edge	sq_small	false
sfWithin	line_edge	sq_overlap	false
sfWithin	line_edge	sq_touch	false
sfWithin	line_edge	sq_corner	false
sfWithin	line_edge	sq_far	false
sfWithin	line_edge	sq_equal	false
sfWithin	line_edge	poly_hole	false
sfWithin	line_edge	mpt	false
sfWithin	line_edge	mline	false
sfWithin	line_edge	mpoly	false
sfWithin	line_far	pt_a	false
sfWithin	line_far	pt_far	false
sfWithin	line_far	pt_edge	false
sfWithin	line_far	pt_corner	false
sfWithin	line_far	line_diag	false
sfWithin	line_far	line_horiz	false
sfWithin	line_far	line_vert	false
sfWithin	line_far	line_edge	false
sfWithin	line_far	line_far	true
sfWithin	line_far	sq_big	false
sfWithin	line_far	sq_small	false
sfWithin	line_far	sq_overlap	false
sfWithin	line_far	sq_touch	false
sfWithin	line_far	sq_corner	false
sfWithin	line_far	sq_far	false
sfWithin	line_far	sq_equal	false
sfWithin	line_far	poly_hole	false
sfWithin	line_far	mpt	false
sfWithin	line_far	mline	false
sfWithin	line_far	mpoly	false
sfWithin	sq_big	pt_a	false
sfWithin	sq_big	pt_far	false
sfWithin	sq_big	pt_edge	false
sfWithin	sq_big	pt_corner	false
sfWithin	sq_big	line_diag	false
sfWithin	sq_big	line_horiz	false
sfWithin	sq_big	line_vert	false
sfWithin	sq_big	line_edge	false
sfWithin	sq_big	line_far	false
sfWithin	sq_big	sq_big	true
sfWithin	sq_big	sq_small	false
sfWithin	sq_big	sq_overlap	false
sfWithin	sq_big	sq_touch	false
sfWithin	sq_big	sq_corner	false
sfWithin	sq_big	sq_far	false
sfWithin	sq_big	sq_equal	true
sfWithin	sq_big	poly_hole	false
sfWithin	sq_big	mpt	false
sfWithin	sq_big	mline	false
sfWithin	sq_big	mpoly	false
sfWithin	sq_small	pt_a	false
sfWithin	sq_small	pt_far	false
sfWithin	sq_small	pt_edge	false
sfWithin	sq_small	pt_corner	false
sfWithin	sq_small	line_diag	false
sfWithin	sq_small	line_horiz	false
sfWithin	sq_small	line_vert	false
sfWithin	sq_small	line_edge	false
sfWithin	sq_small	line_far	false
sfWithin	sq_small	sq_big	true
sfWithin	sq_small	sq_small	true
sfWithin	sq_small	sq_overlap	false
sfWithin	sq_small	sq_touch	false
sfWithin	sq_small	sq_corner	false
sfWithin	sq_small	sq_far	false
sfWithin	sq_small	sq_equal	true
sfWithin	sq_small	poly_hole	true
sfWithin	sq_small	mpt	false
sfWithin	sq_small	mline	false
sfWithin	sq_small	mpoly	false
sfWithin	sq_overlap	pt_a	false
sfWithin	sq_overlap	pt_far	false
sfWithin	sq_overlap	pt_edge	false
sfWithin	sq_overlap	pt_corner	false
sfWithin	sq_overlap	line_diag	false
sfWithin	sq_overlap	line_horiz	false
sfWithin	sq_overlap	line_vert	false
sfWithin	sq_overlap	line_edge	false
sfWithin	sq_overlap	line_far	false
sfWithin	sq_overlap	sq_big	false
sfWithin	sq_overlap	sq_small	false
sfWithin	sq_overlap	sq_overlap	true
sfWithin	sq_overlap	sq_touch	false
sfWithin	sq_overlap	sq_corner	false
sfWithin	sq_overlap	sq_far	false
sfWithin	sq_overlap	sq_equal	false
sfWithin	sq_overlap	poly_hole	false
sfWithin	sq_overlap	mpt	false
sfWithin	sq_overlap	mline	false
sfWithin	sq_overlap	mpoly	false
sfWithin	sq_touch	pt_a	false
sfWithin	sq_touch	pt_far	false
sfWithin	sq_touch	pt_edge	false
sfWithin	sq_touch	pt_corner	false
sfWithin	sq_touch	line_diag	false
sfWithin	sq_touch	line_horiz	false
sfWithin	sq_touch	line_vert	false
sfWithin	sq_touch	line_edge	false
sfWithin	sq_touch	line_far	false
sfWithin	sq_touch	sq_big	false
sfWithin	sq_touch	sq_small	false
sfWithin	sq_touch	sq_overlap	false
sfWithin	sq_touch	sq_touch	true
sfWithin	sq_touch	sq_corner	false
sfWithin	sq_touch	sq_far	false
sfWithin	sq_touch	sq_equal	false
sfWithin	sq_touch	poly_hole	false
sfWithin	sq_touch	mpt	false
sfWithin	sq_touch	mline	false
sfWithin	sq_touch	mpoly	false
sfWithin	sq_corner	pt_a	false
sfWithin	sq_corner	pt_far	false
sfWithin	sq_corner	pt_edge	false
sfWithin	sq_corner	pt_corner	false
sfWithin	sq_corner	line_diag	false
sfWithin	sq_corner	line_horiz	false
sfWithin	sq_corner	line_vert	false
sfWithin	sq_corner	line_edge	false
sfWithin	sq_corner	line_far	false
sfWithin	sq_corner	sq_big	false
sfWithin	sq_corner	sq_small	false
sfWithin	sq_corner	sq_overlap	true
sfWithin	sq_corner	sq_touch	false
sfWithin	sq_corner	sq_corner	true
sfWithin	sq_corner	sq_far	false
sfWithin	sq_corner	sq_equal	false
sfWithin	sq_corner	poly_hole	false
sfWithin	sq_corner	mpt	false
sfWithin	sq_corner	mline	false
sfWithin	sq_corner	mpoly	false
sfWithin	sq_far	pt_a	false
sfWithin	sq_far	pt_far	false
sfWithin	sq_far	pt_edge	false
sfWithin	sq_far	pt_corner	false
sfWithin	sq_far	line_diag	false
sfWithin	sq_far	line_horiz	false
sfWithin	sq_far	line_vert	false
sfWithin	sq_far	line_edge	false
sfWithin	sq_far	line_far	false
sfWithin	sq_far	sq_big	false
sfWithin	sq_far	sq_small	false
sfWithin	sq_far	sq_overlap	false
sfWithin	sq_far	sq_touch	false
sfWithin	sq_far	sq_corner	false
sfWithin	sq_far	sq_far	true
sfWithin	sq_far	sq_equal	false
sfWithin	sq_far	poly_hole	false
sfWithin	sq_far	mpt	false
sfWithin	sq_far	mline	false
sfWithin	sq_far	mpoly	false
sfWithin	sq_equal	pt_a	false
sfWithin	sq_equal	pt_far	false
sfWithin	sq_equal	pt_edge	false
sfWithin	sq_equal	pt_corner	false
sfWithin	sq_equal	line_diag	false
sfWithin	sq_equal	line_horiz	false
sfWithin	sq_equal	line_vert	false
sfWithin	sq_equal	line_edge	false
sfWithin	sq_equal	line_far	false
sfWithin	sq_equal	sq_big	true
sfWithin	sq_equal	sq_small	false
sfWithin	sq_equal	sq_overlap	false
sfWithin	sq_equal	sq_touch	false
sfWithin	sq_equal	sq_corner	false
sfWithin	sq_equal	sq_far	false
sfWithin	sq_equal	sq_equal	true
sfWithin	sq_equal	poly_hole	false
sfWithin	sq_equal	mpt	false
sfWithin	sq_equal	mline	false
sfWithin	sq_equal	mpoly	false
sfWithin	poly_hole	pt_a	false
sfWithin	poly_hole	pt_far	false
sfWithin	poly_hole	pt_edge	false
sfWithin	poly_hole	pt_corner	false
sfWithin	poly_hole	line_diag	false
sfWithin	poly_hole	line_horiz	false
sfWithin	poly_hole	line_vert	false
sfWithin	poly_hole	line_edge	false
sfWithin	poly_hole	line_far	false
sfWithin	poly_hole	sq_big	false
sfWithin	poly_hole	sq_small	false
sfWithin	poly_hole	sq_overlap	false
sfWithin	poly_hole	sq_touch	false
sfWithin	poly_hole	sq_corner	false
sfWithin	poly_hole	sq_far	false
sfWithin	poly_hole	sq_equal	false
sfWithin	poly_hole	poly_hole	true
sfWithin	poly_hole	mpt	false
sfWithin	poly_hole	mline	false
sfWithin	poly_hole	mpoly	false
sfWithin	mpt	pt_a	false
sfWithin	mpt	pt_far	false
sfWithin	mpt	pt_edge	false
sfWithin	mpt	pt_corner	false
sfWithin	mpt	line_diag	false
sfWithin	mpt	line_horiz	false
sfWithin	mpt	line_vert	false
sfWithin	mpt	line_edge	false
sfWithin	mpt	line_far	false
sfWithin	mpt	sq_big	false
sfWithin	mpt	sq_small	false
sfWithin	mpt	sq_overlap	false
sfWithin	mpt	sq_touch	false
sfWithin	mpt	sq_corner	false
sfWithin	mpt	sq_far	false
sfWithin	mpt	sq_equal	false
sfWithin	mpt	poly_hole	false
sfWithin	mpt	mpt	true
sfWithin	mpt	mline	false
sfWithin	mpt	mpoly	false
sfWithin	mline	pt_a	false
sfWithin	mline	pt_far	false
sfWithin	mline	pt_edge	false
sfWithin	mline	pt_corner	false
sfWithin	mline	line_diag	false
sfWithin	mline	line_horiz	false
sfWithin	mline	line_vert	false
sfWithin	mline	line_edge	false
sfWithin	mline	line_far	false
sfWithin	mline	sq_big	false
sfWithin	mline	sq_small	false
sfWithin	mline	sq_overlap	false
sfWithin	mline	sq_touch	false
sfWithin	mline	sq_corner	false
sfWithin	mline	sq_far	false
sfWithin	mline	sq_equal	false
sfWithin	mline	poly_hole	false
sfWithin	mline	mpt	false
sfWithin	mline	mline	true
sfWithin	mline	mpoly	false
sfWithin	mpoly	pt_a	false
sfWithin	mpoly	pt_far	false
sfWithin	mpoly	pt_edge	false
sfWithin	mpoly	pt_corner	false
sfWithin	mpoly	line_diag	false
sfWithin	mpoly	line_horiz	false
sfWithin	mpoly	line_vert	false
sfWithin	mpoly	line_edge	false
sfWithin	mpoly	line_far	false
sfWithin	mpoly	sq_big	true
sfWithin	mpoly	sq_small	false
sfWithin	mpoly	sq_overlap	false
sfWithin	mpoly	sq_touch	false
sfWithin	mpoly	sq_corner	false
sfWithin	mpoly	sq_far	false
sfWithin	mpoly	sq_equal	true
sfWithin	mpoly	poly_hole	false
sfWithin	mpoly	mpt	false
sfWithin	mpoly	mline	false
sfWithin	mpoly	mpoly	true
sfContains	pt_a	pt_a	true
sfContains	pt_a	pt_far	false
sfContains	pt_a	pt_edge	false
sfContains	pt_a	pt_corner	false
sfContains	pt_a	line_diag	false
sfContains	pt_a	line_horiz	false
sfContains	pt_a	line_vert	false
sfContains	pt_a	line_edge	false
sfContains	pt_a	line_far	false
sfContains	pt_a	sq_big	false
sfContains	pt_a	sq_small	false
sfContains	pt_a	sq_overlap	false
sfContains	pt_a	sq_touch	false
sfContains	pt_a	sq_corner	false
sfContains	pt_a	sq_far	false
sfContains	pt_a	sq_equal	false
sfContains	pt_a	poly_hole	false
sfContains	pt_a	mpt	false
sfContains	pt_a	mline	false
sfContains	pt_a	mpoly	false
sfContains	pt_far	pt_a	false
sfContains	pt_far	pt_far	true
sfContains	pt_far	pt_edge	false
sfContains	pt_far	pt_corner	false
sfContains	pt_far	line_diag	false
sfContains	pt_far	line_horiz	false
sfContains	pt_far	line_vert	false
sfContains	pt_far	line_edge	false
sfContains	pt_far	line_far	false
sfContains	pt_far	sq_big	false
sfContains	pt_far	sq_small	false
sfContains	pt_far	sq_overlap	false
sfContains	pt_far	sq_touch	false
sfContains	pt_far	sq_corner	false
sfContains	pt_far	sq_far	false
sfContains	pt_far	sq_equal	false
sfContains	pt_far	poly_hole	false
sfContains	pt_far	mpt	false
sfContains	pt_far	mline	false
sfContains	pt_far	mpoly	false
sfContains	pt_edge	pt_a	false
sfContains	pt_edge	pt_far	false
sfContains	pt_edge	pt_edge	true
sfContains	pt_edge	pt_corner	false
sfContains	pt_edge	line_diag	false
sfContains	pt_edge	line_horiz	false
sfContains	pt_edge	line_vert	false
sfContains	pt_edge	line_edge	false
sfContains	pt_edge	line_far	false
sfContains	pt_edge	sq_big	false
sfContains	pt_edge	sq_small	false
sfContains	pt_edge	sq_overlap	false
sfContains	pt_edge	sq_touch	false
sfContains	pt_edge	sq_corner	false
sfContains	pt_edge	sq_far	false
sfContains	pt_edge	sq_equal	false
sfContains	pt_edge	poly_hole	false
sfContains	pt_edge	mpt	false
sfContains	pt_edge	mline	false
sfContains	pt_edge	mpoly	false
sfContains	pt_corner	pt_a	false
sfContains	pt_corner	pt_far	false
sfContains	pt_corner	pt_edge	false
sfContains	pt_corner	pt_corner	true
sfContains	pt_corner	line_diag	false
sfContains	pt_corner	line_horiz	false
sfContains	pt_corner	line_vert	false
sfContains	pt_corner	line_edge	false
sfContains	pt_corner	line_far	false
sfContains	pt_corner	sq_big	false
sfContains	pt_corner	sq_small	false
sfContains	pt_corner	sq_overlap	false
sfContains	pt_corner	sq_touch	false
sfContains	pt_corner	sq_corner	false
sfContains	pt_corner	sq_far	false
sfContains	pt_corner	sq_equal	false
sfContains	pt_corner	poly_hole	false
sfContains	pt_corner	mpt	false
sfContains	pt_corner	mline	false
sfContains	pt_corner	mpoly	false
sfContains	line_diag	pt_a	true
sfContains	line_diag	pt_far	false
sfContains	line_diag	pt_edge	false
sfContains	line_diag	pt_corner	false
sfContains	line_diag	line_diag	true
sfContains	line_diag	line_horiz	false
sfContains	line_diag	line_vert	false
sfContains	line_diag	line_edge	false
sfContains	line_diag	line_far	false
sfContains	line_diag	sq_big	false
sfContains	line_diag	sq_small	false
sfContains	line_diag	sq_overlap	false
sfContains	line_diag	sq_touch	false
sfContains	line_diag	sq_corner	false
sfContains	line_diag	sq_far	false
sfContains	line_diag	sq_equal	false
sfContains	line_diag	poly_hole	false
sfContains	line_diag	mpt	false
sfContains	line_diag	mline	false
sfContains	line_diag	mpoly	false
sfContains	line_horiz	pt_a	true
sfContains	line_horiz	pt_far	false
sfContains	line_horiz	pt_edge	false
sfContains	line_horiz	pt_corner	false
sfContains	line_horiz	line_diag	false
sfContains	line_horiz	line_horiz	true
sfContains	line_horiz	line_vert	false
sfContains	line_horiz	line_edge	false
sfContains	line_horiz	line_far	false
sfContains	line_horiz	sq_big	false
sfContains	line_horiz	sq_small	false
sfContains	line_horiz	sq_overlap	false
sfContains	line_horiz	sq_touch	false
sfContains	line_horiz	sq_corner	false
sfContains	line_horiz	sq_far	false
sfContains	line_horiz	sq_equal	false
sfContains	line_horiz	poly_hole	false
sfContains	line_horiz	mpt	false
sfContains	line_horiz	mline	false
sfContains	line_horiz	mpoly	false
sfContains	line_vert	pt_a	false
sfContains	line_vert	pt_far	false
sfContains	line_vert	pt_edge	false
sfContains	line_vert	pt_corner	false
sfContains	line_vert	line_diag	false
sfContains	line_vert	line_horiz	false
sfContains	line_vert	line_vert	true
sfContains	line_vert	line_edge	false
sfContains	line_vert	line_far	false
sfContains	line_vert	sq_big	false
sfContains	line_vert	sq_small	false
sfContains	line_vert	sq_overlap	false
sfContains	line_vert	sq_touch	false
sfContains	line_vert	sq_corner	false
sfContains	line_vert	sq_far	false
sfContains	line_vert	sq_equal	false
sfContains	line_vert	poly_hole	false
sfContains	line_vert	mpt	false
sfContains	line_vert	mline	false
sfContains	line_vert	mpoly	false
sfContains	line_edge	pt_a	false
sfContains	line_edge	pt_far	false
sfContains	line_edge	pt_edge	false
sfContains	line_edge	pt_corner	false
sfContains	line_edge	line_diag	false
sfContains	line_edge	line_horiz	false
sfContains	line_edge	line_vert	false
sfContains	line_edge	line_edge	true
sfContains	line_edge	line_far	false
sfContains	line_edge	sq_big	false
sfContains	line_edge	sq_small	false
sfContains	line_edge	sq_overlap	false
sfContains	line_edge	sq_touch	false
sfContains	line_edge	sq_corner	false
sfContains	line_edge	sq_far	false
sfContains	line_edge	sq_equal	false
sfContains	line_edge	poly_hole	false
sfContains	line_edge	mpt	false
sfContains	line_edge	mline	false
sfContains	line_edge	mpoly	false
sfContains	line_far	pt_a	false
sfContains	line_far	pt_far	false
sfContains	line_far	pt_edge	false
sfContains	line_far	pt_corner	false
sfContains	line_far	line_diag	false
sfContains	line_far	line_horiz	false
sfContains	line_far	line_vert	false
sfContains	line_far	line_edge	false
sfContains	line_far	line_far	true
sfContains	line_far	sq_big	false
sfContains	line_far	sq_small	false
sfContains	line_far	sq_overlap	false
sfContains	line_far	sq_touch	false
sfContains	line_far	sq_corner	false
sfContains	line_far	sq_far	false
sfContains	line_far	sq_equal	false
sfContains	line_far	poly_hole	false
sfContains	line_far	mpt	false
sfContains	line_far	mline	false
sfContains	line_far	mpoly	false
sfContains	sq_big	pt_a	true
sfContains	sq_big	pt_far	false
sfContains	sq_big	pt_edge	false
sfContains	sq_big	pt_corner	false
sfContains	sq_big	line_diag	false
sfContains	sq_big	line_horiz	false
sfContains	sq_big	line_vert	false
sfContains	sq_big	line_edge	false
sfContains	sq_big	line_far	false
sfContains	sq_big	sq_big	true
sfContains	sq_big	sq_small	true
sfContains	sq_big	sq_overlap	false
sfContains	sq_big	sq_touch	false
sfContains	sq_big	sq_corner	false
sfContains	sq_big	sq_far	false
sfContains	sq_big	sq_equal	true
sfContains	sq_big	poly_hole	false
sfContains	sq_big	mpt	false
sfContains	sq_big	mline	false
sfContains	sq_big	mpoly	true
sfContains	sq_small	pt_a	false
sfContains	sq_small	pt_far	false
sfContains	sq_small	pt_edge	false
sfContains	sq_small	pt_corner	false
sfContains	sq_small	line_diag	false
sfContains	sq_small	line_horiz	false
sfContains	sq_small	line_vert	false
sfContains	sq_small	line_edge	false
sfContains	sq_small	line_far	false
sfContains	sq_small	sq_big	false
sfContains	sq_small	sq_small	true
sfContains	sq_small	sq_overlap	false
sfContains	sq_small	sq_touch	false
sfContains	sq_small	sq_corner	false
sfContains	sq_small	sq_far	false
sfContains	sq_small	sq_equal	false
sfContains	sq_small	poly_hole	false
sfContains	sq_small	mpt	false
sfContains	sq_small	mline	false
sfContains	sq_small	mpoly	false
sfContains	sq_overlap	pt_a	false
sfContains	sq_overlap	pt_far	false
sfContains	sq_overlap	pt_edge	false
sfContains	sq_overlap	pt_corner	true
sfContains	sq_overlap	line_diag	false
sfContains	sq_overlap	line_horiz	false
sfContains	sq_overlap	line_vert	false
sfContains	sq_overlap	line_edge	false
sfContains	sq_overlap	line_far	false
sfContains	sq_overlap	sq_big	false
sfContains	sq_overlap	sq_small	false
sfContains	sq_overlap	sq_overlap	true
sfContains	sq_overlap	sq_touch	false
sfContains	sq_overlap	sq_corner	true
sfContains	sq_overlap	sq_far	false
sfContains	sq_overlap	sq_equal	false
sfContains	sq_overlap	poly_hole	false
sfContains	sq_overlap	mpt	false
sfContains	sq_overlap	mline	false
sfContains	sq_overlap	mpoly	false
sfContains	sq_touch	pt_a	false
sfContains	sq_touch	pt_far	false
sfContains	sq_touch	pt_edge	false
sfContains	sq_touch	pt_corner	false
sfContains	sq_touch	line_diag	false
sfContains	sq_touch	line_horiz	false
sfContains	sq_touch	line_vert	false
sfContains	sq_touch	line_edge	false
sfContains	sq_touch	line_far	false
sfContains	sq_touch	sq_big	false
sfContains	sq_touch	sq_small	false
sfContains	sq_touch	sq_overlap	false
sfContains	sq_touch	sq_touch	true
sfContains	sq_touch	sq_corner	false
sfContains	sq_touch	sq_far	false
sfContains	sq_touch	sq_equal	false
sfContains	sq_touch	poly_hole	false
sfContains	sq_touch	mpt	false
sfContains	sq_touch	mline	false
sfContains	sq_touch	mpoly	false
sfContains	sq_corner	pt_a	false
sfContains	sq_corner	pt_far	false
sfContains	sq_corner	pt_edge	false
sfContains	sq_corner	pt_corner	false
sfContains	sq_corner	line_diag	false
sfContains	sq_corner	line_horiz	false
sfContains	sq_corner	line_vert	false
sfContains	sq_corner	line_edge	false
sfContains	sq_corner	line_far	false
sfContains	sq_corner	sq_big	false
sfContains	sq_corner	sq_small	false
sfContains	sq_corner	sq_overlap	false
sfContains	sq_corner	sq_touch	false
sfContains	sq_corner	sq_corner	true
sfContains	sq_corner	sq_far	false
sfContains	sq_corner	sq_equal	false
sfContains	sq_corner	poly_hole	false
sfContains	sq_corner	mpt	false
sfContains	sq_corner	mline	false
sfContains	sq_corner	mpoly	false
sfContains	sq_far	pt_a	false
sfContains	sq_far	pt_far	false
sfContains	sq_far	pt_edge	false
sfContains	sq_far	pt_corner	false
sfContains	sq_far	line_diag	false
sfContains	sq_far	line_horiz	false
sfContains	sq_far	line_vert	false
sfContains	sq_far	line_edge	false
sfContains	sq_far	line_far	false
sfContains	sq_far	sq_big	false
sfContains	sq_far	sq_small	false
sfContains	sq_far	sq_overlap	false
sfContains	sq_far	sq_touch	false
sfContains	sq_far	sq_corner	false
sfContains	sq_far	sq_far	true
sfContains	sq_far	sq_equal	false
sfContains	sq_far	poly_hole	false
sfContains	sq_far	mpt	false
sfContains	sq_far	mline	false
sfContains	sq_far	mpoly	false
sfContains	sq_equal	pt_a	true
sfContains	sq_equal	pt_far	false
sfContains	sq_equal	pt_edge	false
sfContains	sq_equal	pt_corner	false
sfContains	sq_equal	line_diag	false
sfContains	sq_equal	line_horiz	false
sfContains	sq_equal	line_vert	false
sfContains	sq_equal	line_edge	false
sfContains	sq_equal	line_far	false
sfContains	sq_equal	sq_big	true
sfContains	sq_equal	sq_small	true
sfContains	sq_equal	sq_overlap	false
sfContains	sq_equal	sq_touch	false
sfContains	sq_equal	sq_corner	false
sfContains	sq_equal	sq_far	false
sfContains	sq_equal	sq_equal	true
sfContains	sq_equal	poly_hole	false
sfContains	sq_equal	mpt	false
sfContains	sq_equal	mline	false
sfContains	sq_equal	mpoly	true
sfContains	poly_hole	pt_a	true
sfContains	poly_hole	pt_far	false
sfContains	poly_hole	pt_edge	false
sfContains	poly_hole	pt_corner	false
sfContains	poly_hole	line_diag	false
sfContains	poly_hole	line_horiz	false
sfContains	poly_hole	line_vert	false
sfContains	poly_hole	line_edge	false
sfContains	poly_hole	line_far	false
sfContains	poly_hole	sq_big	false
sfContains	poly_hole	sq_small	true
sfContains	poly_hole	sq_overlap	false
sfContains	poly_hole	sq_touch	false
sfContains	poly_hole	sq_corner	false
sfContains	poly_hole	sq_far	false
sfContains	poly_hole	sq_equal	false
sfContains	poly_hole	poly_hole	true
sfContains	poly_hole	mpt	false
sfContains	poly_hole	mline	false
sfContains	poly_hole	mpoly	false
sfContains	mpt	pt_a	false
sfContains	mpt	pt_far	false
sfContains	mpt	pt_edge	false
sfContains	mpt	pt_corner	false
sfContains	mpt	line_diag	false
sfContains	mpt	line_horiz	false
sfContains	mpt	line_vert	false
sfContains	mpt	line_edge	false
sfContains	mpt	line_far	false
sfContains	mpt	sq_big	false
sfContains	mpt	sq_small	false
sfContains	mpt	sq_overlap	false
sfContains	mpt	sq_touch	false
sfContains	mpt	sq_corner	false
sfContains	mpt	sq_far	false
sfContains	mpt	sq_equal	false
sfContains	mpt	poly_hole	false
sfContains	mpt	mpt	true
sfContains	mpt	mline	false
sfContains	mpt	mpoly	false
sfContains	mline	pt_a	true
sfContains	mline	pt_far	false
sfContains	mline	pt_edge	false
sfContains	mline	pt_corner	false
sfContains	mline	line_diag	true
sfContains	mline	line_horiz	false
sfContains	mline	line_vert	false
sfContains	mline	line_edge	false
sfContains	mline	line_far	false
sfContains	mline	sq_big	false
sfContains	mline	sq_small	false
sfContains	mline	sq_overlap	false
sfContains	mline	sq_touch	false
sfContains	mline	sq_corner	false
sfContains	mline	sq_far	false
sfContains	mline	sq_equal	false
sfContains	mline	poly_hole	false
sfContains	mline	mpt	false
sfContains	mline	mline	true
sfContains	mline	mpoly	false
sfContains	mpoly	pt_a	true
sfContains	mpoly	pt_far	false
sfContains	mpoly	pt_edge	false
sfContains	mpoly	pt_corner	false
sfContains	mpoly	line_diag	false
sfContains	mpoly	line_horiz	false
sfContains	mpoly	line_vert	false
sfContains	mpoly	line_edge	false
sfContains	mpoly	line_far	false
sfContains	mpoly	sq_big	false
sfContains	mpoly	sq_small	false
sfContains	mpoly	sq_overlap	false
sfContains	mpoly	sq_touch	false
sfContains	mpoly	sq_corner	false
sfContains	mpoly	sq_far	false
sfContains	mpoly	sq_equal	false
sfContains	mpoly	poly_hole	false
sfContains	mpoly	mpt	false
sfContains	mpoly	mline	false
sfContains	mpoly	mpoly	true
sfOverlaps	pt_a	pt_a	false
sfOverlaps	pt_a	pt_far	false
sfOverlaps	pt_a	pt_edge	false
sfOverlaps	pt_a	pt_corner	false
sfOverlaps	pt_a	line_diag	false
sfOverlaps	pt_a	line_horiz	false
sfOverlaps	pt_a	line_vert	false
sfOverlaps	pt_a	line_edge	false
sfOverlaps	pt_a	line_far	false
sfOverlaps	pt_a	sq_big	false
sfOverlaps	pt_a	sq_small	false
sfOverlaps	pt_a	sq_overlap	false
sfOverlaps	pt_a	sq_touch	false
sfOverlaps	pt_a	sq_corner	false
sfOverlaps	pt_a	sq_far	false
sfOverlaps	pt_a	sq_equal	false
sfOverlaps	pt_a	poly_hole	false
sfOverlaps	pt_a	mpt	false
sfOverlaps	pt_a	mline	false
sfOverlaps	pt_a	mpoly	false
sfOverlaps	pt_far	pt_a	false
sfOverlaps	pt_far	pt_far	false
sfOverlaps	pt_far	pt_edge	false
sfOverlaps	pt_far	pt_corner	false
sfOverlaps	pt_far	line_diag	false
sfOverlaps	pt_far	line_horiz	false
sfOverlaps	pt_far	line_vert	false
sfOverlaps	pt_far	line_edge	false
sfOverlaps	pt_far	line_far	false
sfOverlaps	pt_far	sq_big	false
sfOverlaps	pt_far	sq_small	false
sfOverlaps	pt_far	sq_overlap	false
sfOverlaps	pt_far	sq_touch	false
sfOverlaps	pt_far	sq_corner	false
sfOverlaps	pt_far	sq_far	false
sfOverlaps	pt_far	sq_equal	false
sfOverlaps	pt_far	poly_hole	false
sfOverlaps	pt_far	mpt	false
sfOverlaps	pt_far	mline	false
sfOverlaps	pt_far	mpoly	false
sfOverlaps	pt_edge	pt_a	false
sfOverlaps	pt_edge	pt_far	false
sfOverlaps	pt_edge	pt_edge	false
sfOverlaps	pt_edge	pt_corner	false
sfOverlaps	pt_edge	line_diag	false
sfOverlaps	pt_edge	line_horiz	false
sfOverlaps	pt_edge	line_vert	false
sfOverlaps	pt_edge	line_edge	false
sfOverlaps	pt_edge	line_far	false
sfOverlaps	pt_edge	sq_big	false
sfOverlaps	pt_edge	sq_small	false
sfOverlaps	pt_edge	sq_overlap	false
sfOverlaps	pt_edge	sq_touch	false
sfOverlaps	pt_edge	sq_corner	false
sfOverlaps	pt_edge	sq_far	false
sfOverlaps	pt_edge	sq_equal	false
sfOverlaps	pt_edge	poly_hole	false
sfOverlaps	pt_edge	mpt	false
sfOverlaps	pt_edge	mline	false
sfOverlaps	pt_edge	mpoly	false
sfOverlaps	pt_corner	pt_a	false
sfOverlaps	pt_corner	pt_far	false
sfOverlaps	pt_corner	pt_edge	false
sfOverlaps	pt_corner	pt_corner	false
sfOverlaps	pt_corner	line_diag	false
sfOverlaps	pt_corner	line_horiz	false
sfOverlaps	pt_corner	line_vert	false
sfOverlaps	pt_corner	line_edge	false
sfOverlaps	pt_corner	line_far	false
sfOverlaps	pt_corner	sq_big	false
sfOverlaps	pt_corner	sq_small	false
sfOverlaps	pt_corner	sq_overlap	false
sfOverlaps	pt_corner	sq_touch	false
sfOverlaps	pt_corner	sq_corner	false
sfOverlaps	pt_corner	sq_far	false
sfOverlaps	pt_corner	sq_equal	false
sfOverlaps	pt_corner	poly_hole	false
sfOverlaps	pt_corner	mpt	false
sfOverlaps	pt_corner	mline	false
sfOverlaps	pt_corner	mpoly	false
sfOverlaps	line_diag	pt_a	false
sfOverlaps	line_diag	pt_far	false
sfOverlaps	line_diag	pt_edge	false
sfOverlaps	line_diag	pt_corner	false
sfOverlaps	line_diag	line_diag	false
sfOverlaps	line_diag	line_horiz	false
sfOverlaps	line_diag	line_vert	false
sfOverlaps	line_diag	line_edge	false
sfOverlaps	line_diag	line_far	false
sfOverlaps	line_diag	sq_big	false
sfOverlaps	line_diag	sq_small	false
sfOverlaps	line_diag	sq_overlap	false
sfOverlaps	line_diag	sq_touch	false
sfOverlaps	line_diag	sq_corner	false
sfOverlaps	line_diag	sq_far	false
sfOverlaps	line_diag	sq_equal	false
sfOverlaps	line_diag	poly_hole	false
sfOverlaps	line_diag	mpt	false
sfOverlaps	line_diag	mline	false
sfOverlaps	line_diag	mpoly	false
sfOverlaps	line_horiz	pt_a	false
sfOverlaps	line_horiz	pt_far	false
sfOverlaps	line_horiz	pt_edge	false
sfOverlaps	line_horiz	pt_corner	false
sfOverlaps	line_horiz	line_diag	false
sfOverlaps	line_horiz	line_horiz	false
sfOverlaps	line_horiz	line_vert	false
sfOverlaps	line_horiz	line_edge	false
sfOverlaps	line_horiz	line_far	false
sfOverlaps	line_horiz	sq_big	false
sfOverlaps	line_horiz	sq_small	false
sfOverlaps	line_horiz	sq_overlap	false
sfOverlaps	line_horiz	sq_touch	false
sfOverlaps	line_horiz	sq_corner	false
sfOverlaps	line_horiz	sq_far	false
sfOverlaps	line_horiz	sq_equal	false
sfOverlaps	line_horiz	poly_hole	false
sfOverlaps	line_horiz	mpt	false
sfOverlaps	line_horiz	mline	false
sfOverlaps	line_horiz	mpoly	false
sfOverlaps	line_vert	pt_a	false
sfOverlaps	line_vert	pt_far	false
sfOverlaps	line_vert	pt_edge	false
sfOverlaps	line_vert	pt_corner	false
sfOverlaps	line_vert	line_diag	false
sfOverlaps	line_vert	line_horiz	false
sfOverlaps	line_vert	line_vert	false
sfOverlaps	line_vert	line_edge	false
sfOverlaps	line_vert	line_far	false
sfOverlaps	line_vert	sq_big	false
sfOverlaps	line_vert	sq_small	false
sfOverlaps	line_vert	sq_overlap	false
sfOverlaps	line_vert	sq_touch	false
sfOverlaps	line_vert	sq_corner	false
sfOverlaps	line_vert	sq_far	false
sfOverlaps	line_vert	sq_equal	false
sfOverlaps	line_vert	poly_hole	false
sfOverlaps	line_vert	mpt	false
sfOverlaps	line_vert	mline	false
sfOverlaps	line_vert	mpoly	false
sfOverlaps	line_edge	pt_a	false
sfOverlaps	line_edge	pt_far	false
sfOverlaps	line_edge	pt_edge	false
sfOverlaps	line_edge	pt_corner	false
sfOverlaps	line_edge	line_diag	false
sfOverlaps	line_edge	line_horiz	false
sfOverlaps	line_edge	line_vert	false
sfOverlaps	line_edge	line_edge	false
sfOverlaps	line_edge	line_far	false
sfOverlaps	line_edge	sq_big	false
sfOverlaps	line_edge	sq_small	false
sfOverlaps	line_edge	sq_overlap	false
sfOverlaps	line_edge	sq_touch	false
sfOverlaps	line_edge	sq_corner	false
sfOverlaps	line_edge	sq_far	false
sfOverlaps	line_edge	sq_equal	false
sfOverlaps	line_edge	poly_hole	false
sfOverlaps	line_edge	mpt	false
sfOverlaps	line_edge	mline	false
sfOverlaps	line_edge	mpoly	false
sfOverlaps	line_far	pt_a	false
sfOverlaps	line_far	pt_far	false
sfOverlaps	line_far	pt_edge	false
sfOverlaps	line_far	pt_corner	false
sfOverlaps	line_far	line_diag	false
sfOverlaps	line_far	line_horiz	false
sfOverlaps	line_far	line_vert	false
sfOverlaps	line_far	line_edge	false
sfOverlaps	line_far	line_far	false
sfOverlaps	line_far	sq_big	false
sfOverlaps	line_far	sq_small	false
sfOverlaps	line_far	sq_overlap	false
sfOverlaps	line_far	sq_touch	false
sfOverlaps	line_far	sq_corner	false
sfOverlaps	line_far	sq_far	false
sfOverlaps	line_far	sq_equal	false
sfOverlaps	line_far	poly_hole	false
sfOverlaps	line_far	mpt	false
sfOverlaps	line_far	mline	false
sfOverlaps	line_far	mpoly	false
sfOverlaps	sq_big	pt_a	false
sfOverlaps	sq_big	pt_far	false
sfOverlaps	sq_big	pt_edge	false
sfOverlaps	sq_big	pt_corner	false
sfOverlaps	sq_big	line_diag	false
sfOverlaps	sq_big	line_horiz	false
sfOverlaps	sq_big	line_vert	false
sfOverlaps	sq_big	line_edge	false
sfOverlaps	sq_big	line_far	false
sfOverlaps	sq_big	sq_big	false
sfOverlaps	sq_big	sq_small	false
sfOverlaps	sq_big	sq_overlap	true
sfOverlaps	sq_big	sq_touch	false
sfOverlaps	sq_big	sq_corner	false
sfOverlaps	sq_big	sq_far	false
sfOverlaps	sq_big	sq_equal	false
sfOverlaps	sq_big	poly_hole	true
sfOverlaps	sq_big	mpt	false
sfOverlaps	sq_big	mline	false
sfOverlaps	sq_big	mpoly	false
sfOverlaps	sq_small	pt_a	false
sfOverlaps	sq_small	pt_far	false
sfOverlaps	sq_small	pt_edge	false
sfOverlaps	sq_small	pt_corner	false
sfOverlaps	sq_small	line_diag	false
sfOverlaps	sq_small	line_horiz	false
sfOverlaps	sq_small	line_vert	false
sfOverlaps	sq_small	line_edge	false
sfOverlaps	sq_small	line_far	false
sfOverlaps	sq_small	sq_big	false
sfOverlaps	sq_small	sq_small	false
sfOverlaps	sq_small	sq_overlap	false
sfOverlaps	sq_small	sq_touch	false
sfOverlaps	sq_small	sq_corner	false
sfOverlaps	sq_small	sq_far	false
sfOverlaps	sq_small	sq_equal	false
sfOverlaps	sq_small	poly_hole	false
sfOverlaps	sq_small	mpt	false
sfOverlaps	sq_small	mline	false
sfOverlaps	sq_small	mpoly	true
sfOverlaps	sq_overlap	pt_a	false
sfOverlaps	sq_overlap	pt_far	false
sfOverlaps	sq_overlap	pt_edge	false
sfOverlaps	sq_overlap	pt_corner	false
sfOverlaps	sq_overlap	line_diag	false
sfOverlaps	sq_overlap	line_horiz	false
sfOverlaps	sq_overlap	line_vert	false
sfOverlaps	sq_overlap	line_edge	false
sfOverlaps	sq_overlap	line_far	false
sfOverlaps	sq_overlap	sq_big	true
sfOverlaps	sq_overlap	sq_small	false
sfOverlaps	sq_overlap	sq_overlap	false
sfOverlaps	sq_overlap	sq_touch	true
sfOverlaps	sq_overlap	sq_corner	false
sfOverlaps	sq_overlap	sq_far	false
sfOverlaps	sq_overlap	sq_equal	true
sfOverlaps	sq_overlap	poly_hole	false
sfOverlaps	sq_overlap	mpt	false
sfOverlaps	sq_overlap	mline	false
sfOverlaps	sq_overlap	mpoly	true
sfOverlaps	sq_touch	pt_a	false
sfOverlaps	sq_touch	pt_far	false
sfOverlaps	sq_touch	pt_edge	false
sfOverlaps	sq_touch	pt_corner	false
sfOverlaps	sq_touch	line_diag	false
sfOverlaps	sq_touch	line_horiz	false
sfOverlaps	sq_touch	line_vert	false
sfOverlaps	sq_touch	line_edge	false
sfOverlaps	sq_touch	line_far	false
sfOverlaps	sq_touch	sq_big	false
sfOverlaps	sq_touch	sq_small	false
sfOverlaps	sq_touch	sq_overlap	true
sfOverlaps	sq_touch	sq_touch	false
sfOverlaps	sq_touch	sq_corner	false
sfOverlaps	sq_touch	sq_far	false
sfOverlaps	sq_touch	sq_equal	false
sfOverlaps	sq_touch	poly_hole	true
sfOverlaps	sq_touch	mpt	false
sfOverlaps	sq_touch	mline	false
sfOverlaps	sq_touch	mpoly	false
sfOverlaps	sq_corner	pt_a	false
sfOverlaps	sq_corner	pt_far	false
sfOverlaps	sq_corner	pt_edge	false
sfOverlaps	sq_corner	pt_corner	false
sfOverlaps	sq_corner	line_diag	false
sfOverlaps	sq_corner	line_horiz	false
sfOverlaps	sq_corner	line_vert	false
sfOverlaps	sq_corner	line_edge	false
sfOverlaps	sq_corner	line_far	false
sfOverlaps	sq_corner	sq_big	false
sfOverlaps	sq_corner	sq_small	false
sfOverlaps	sq_corner	sq_overlap	false
sfOverlaps	sq_corner	sq_touch	false
sfOverlaps	sq_corner	sq_corner	false
sfOverlaps	sq_corner	sq_far	false
sfOverlaps	sq_corner	sq_equal	false
sfOverlaps	sq_corner	poly_hole	false
sfOverlaps	sq_corner	mpt	false
sfOverlaps	sq_corner	mline	false
sfOverlaps	sq_corner	mpoly	false
sfOverlaps	sq_far	pt_a	false
sfOverlaps	sq_far	pt_far	false
sfOverlaps	sq_far	pt_edge	false
sfOverlaps	sq_far	pt_corner	false
sfOverlaps	sq_far	line_diag	false
sfOverlaps	sq_far	line_horiz	false
sfOverlaps	sq_far	line_vert	false
sfOverlaps	sq_far	line_edge	false
sfOverlaps	sq_far	line_far	false
sfOverlaps	sq_far	sq_big	false
sfOverlaps	sq_far	sq_small	false
sfOverlaps	sq_far	sq_overlap	false
sfOverlaps	sq_far	sq_touch	false
sfOverlaps	sq_far	sq_corner	false
sfOverlaps	sq_far	sq_far	false
sfOverlaps	sq_far	sq_equal	false
sfOverlaps	sq_far	poly_hole	false
sfOverlaps	sq_far	mpt	false
sfOverlaps	sq_far	mline	false
sfOverlaps	sq_far	mpoly	false
sfOverlaps	sq_equal	pt_a	false
sfOverlaps	sq_equal	pt_far	false
sfOverlaps	sq_equal	pt_edge	false
sfOverlaps	sq_equal	pt_corner	false
sfOverlaps	sq_equal	line_diag	false
sfOverlaps	sq_equal	line_horiz	false
sfOverlaps	sq_equal	line_vert	false
sfOverlaps	sq_equal	line_edge	false
sfOverlaps	sq_equal	line_far	false
sfOverlaps	sq_equal	sq_big	false
sfOverlaps	sq_equal	sq_small	false
sfOverlaps	sq_equal	sq_overlap	true
sfOverlaps	sq_equal	sq_touch	false
sfOverlaps	sq_equal	sq_corner	false
sfOverlaps	sq_equal	sq_far	false
sfOverlaps	sq_equal	sq_equal	false
sfOverlaps	sq_equal	poly_hole	true
sfOverlaps	sq_equal	mpt	false
sfOverlaps	sq_equal	mline	false
sfOverlaps	sq_equal	mpoly	false
sfOverlaps	poly_hole	pt_a	false
sfOverlaps	poly_hole	pt_far	false
sfOverlaps	poly_hole	pt_edge	false
sfOverlaps	poly_hole	pt_corner	false
sfOverlaps	poly_hole	line_diag	false
sfOverlaps	poly_hole	line_horiz	false
sfOverlaps	poly_hole	line_vert	false
sfOverlaps	poly_hole	line_edge	false
sfOverlaps	poly_hole	line_far	false
sfOverlaps	poly_hole	sq_big	true
sfOverlaps	poly_hole	sq_small	false
sfOverlaps	poly_hole	sq_overlap	false
sfOverlaps	poly_hole	sq_touch	true
sfOverlaps	poly_hole	sq_corner	false
sfOverlaps	poly_hole	sq_far	false
sfOverlaps	poly_hole	sq_equal	true
sfOverlaps	poly_hole	poly_hole	false
sfOverlaps	poly_hole	mpt	false
sfOverlaps	poly_hole	mline	false
sfOverlaps	poly_hole	mpoly	true
sfOverlaps	mpt	pt_a	false
sfOverlaps	mpt	pt_far	false
sfOverlaps	mpt	pt_edge	false
sfOverlaps	mpt	pt_corner	false
sfOverlaps	mpt	line_diag	false
sfOverlaps	mpt	line_horiz	false
sfOverlaps	mpt	line_vert	false
sfOverlaps	mpt	line_edge	false
sfOverlaps	mpt	line_far	false
sfOverlaps	mpt	sq_big	false
sfOverlaps	mpt	sq_small	false
sfOverlaps	mpt	sq_overlap	false
sfOverlaps	mpt	sq_touch	false
sfOverlaps	mpt	sq_corner	false
sfOverlaps	mpt	sq_far	false
sfOverlaps	mpt	sq_equal	false
sfOverlaps	mpt	poly_hole	false
sfOverlaps	mpt	mpt	false
sfOverlaps	mpt	mline	false
sfOverlaps	mpt	mpoly	false
sfOverlaps	mline	pt_a	false
sfOverlaps	mline	pt_far	false
sfOverlaps	mline	pt_edge	false
sfOverlaps	mline	pt_corner	false
sfOverlaps	mline	line_diag	false
sfOverlaps	mline	line_horiz	false
sfOverlaps	mline	line_vert	false
sfOverlaps	mline	line_edge	false
sfOverlaps	mline	line_far	false
sfOverlaps	mline	sq_big	false
sfOverlaps	mline	sq_small	false
sfOverlaps	mline	sq_overlap	false
sfOverlaps	mline	sq_touch	false
sfOverlaps	mline	sq_corner	false
sfOverlaps	mline	sq_far	false
sfOverlaps	mline	sq_equal	false
sfOverlaps	mline	poly_hole	false
sfOverlaps	mline	mpt	false
sfOverlaps	mline	mline	false
sfOverlaps	mline	mpoly	false
sfOverlaps	mpoly	pt_a	false
sfOverlaps	mpoly	pt_far	false
sfOverlaps	mpoly	pt_edge	false
sfOverlaps	mpoly	pt_corner	false
sfOverlaps	mpoly	line_diag	false
sfOverlaps	mpoly	line_horiz	false
sfOverlaps	mpoly	line_vert	false
sfOverlaps	mpoly	line_edge	false
sfOverlaps	mpoly	line_far	false
sfOverlaps	mpoly	sq_big	false
sfOverlaps	mpoly	sq_small	true
sfOverlaps	mpoly	sq_overlap	true
sfOverlaps	mpoly	sq_touch	false
sfOverlaps	mpoly	sq_corner	false
sfOverlaps	mpoly	sq_far	false
sfOverlaps	mpoly	sq_equal	false
sfOverlaps	mpoly	poly_hole	true
sfOverlaps	mpoly	mpt	false
sfOverlaps	mpoly	mline	false
sfOverlaps	mpoly	mpoly	false
